artist,count,cover,title,title(artist)
이영현,163,쏘쎄,천년의 사랑,♪천년의 사랑(이영현)
길구봉구,145,쏘쎄,바람이 불었으면 좋겠어,♪바람이 불었으면 좋겠어(길구봉구)
쏘쎄지,138,쏘쎄,눈 감는 날까지,♪눈 감는 날까지(쏘쎄지)
씨야,131,쏘쎄,구두,♪구두(씨야)
이영현,130,쏘쎄,잠시만 안녕,♪잠시만 안녕(이영현)
엠씨더맥스,123,쏘쎄,입술의 말,♪입술의 말(엠씨더맥스)
쏘쎄지,115,쏘쎄,삼켜내,♪삼켜내(쏘쎄지)
이수(엠씨더맥스),111,쏘쎄,My Way,♪My Way(이수(엠씨더맥스))
다비치,105,쏘쎄,모르시나요,♪모르시나요(다비치)
김경호,102,쏘쎄,와인(迗人),♪와인(迗人)(김경호)
활,96,쏘쎄,Say Yes,♪Say Yes(활)
엠씨더맥스,90,쏘쎄,어디에도,♪어디에도(엠씨더맥스)
심규선,88,쏘쎄,부디,♪부디(심규선)
이예준,87,쏘쎄,그날에 나는 맘이 편했을까,♪그날에 나는 맘이 편했을까(이예준)
다비치,86,쏘쎄,너 없는 시간들,♪너 없는 시간들(다비치)
"김연지, 이보람",84,쏘쎄,비의 노래,"♪비의 노래(김연지, 이보람)"
다비치,78,쏘쎄,8282,♪8282(다비치)
이문세,74,쏘,사랑은 늘 도망가,♪사랑은 늘 도망가(이문세)
남순,73,쏘쎄,널 위해,♪널 위해(남순)
권진원,72,쏘쎄,Happy Birthday To You,♪Happy Birthday To You(권진원)
이예준,70,쏘쎄,미친 소리,♪미친 소리(이예준)
소찬휘,69,쏘쎄,Tears,♪Tears(소찬휘)
심규선,67,쏘,아라리,♪아라리(심규선)
버블 시스터즈,66,쏘쎄,하늘에서 남자들이 비처럼 내려와,♪하늘에서 남자들이 비처럼 내려와(버블 시스터즈)
빅마마,65,쏘쎄,하루만 더,♪하루만 더(빅마마)
어쿠스틱 콜라보,64,쏘,"묘해, 너와","♪묘해, 너와(어쿠스틱 콜라보)"
"경서예지, 전건호",63,쏘쎄,다정히 내 이름을 부르면,"♪다정히 내 이름을 부르면(경서예지, 전건호)"
"윤민수, 신용재",62,쏘쎄,인연,"♪인연(윤민수, 신용재)"
장연주,59,쏘쎄,여가,♪여가(장연주)
SG 워너비,58,쏘쎄,라라라,♪라라라(SG 워너비)
빅마마,56,쏘쎄,연,♪연(빅마마)
아이유,55,쏘쎄,내 손을 잡아,♪내 손을 잡아(아이유)
빅마마,55,쏘쎄,체념,♪체념(빅마마)
다비치,54,쏘쎄,그대니까요,♪그대니까요(다비치)
김상민,53,쏘쎄,You,♪You(김상민)
포맨,53,쏘쎄,눈 떠보니 이별이더라,♪눈 떠보니 이별이더라(포맨)
씨야,53,쏘쎄,사랑의 인사,♪사랑의 인사(씨야)
"제아, 이영현",53,쏘쎄,하모니,"♪하모니(제아, 이영현)"
"이홍기, 유회승",52,쏘쎄,사랑했었다,"♪사랑했었다(이홍기, 유회승)"
다비치,52,쏘쎄,안녕이라고 말하지마,♪안녕이라고 말하지마(다비치)
씨야,51,쏘쎄,미친 사랑의 노래,♪미친 사랑의 노래(씨야)
임재현,51,쏘쎄,조금 취했어(Prod. 2soo),♪조금 취했어(Prod. 2soo)(임재현)
god,51,쏘쎄,촛불하나,♪촛불하나(god)
WSG워너비,50,쏘쎄,그때 그 순간 그대로,♪그때 그 순간 그대로(WSG워너비)
큰콩땅콩,50,쏘쎄,불놀이야,♪불놀이야(큰콩땅콩)
"정인, 윤종신",50,쏘,오르막길,"♪오르막길(정인, 윤종신)"
지아,48,쏘쎄,술 한잔 해요,♪술 한잔 해요(지아)
어쿠스틱 콜라보,47,쏘,너무 보고싶어,♪너무 보고싶어(어쿠스틱 콜라보)
백지영,46,쏘쎄,거짓말이라도 해서 널 보고싶어,♪거짓말이라도 해서 널 보고싶어(백지영)
김경호,46,쏘쎄,비정,♪비정(김경호)
주니퍼,46,쏘쎄,하늘 끝에서 흘린 눈물,♪하늘 끝에서 흘린 눈물(주니퍼)
거미,44,쏘쎄,기억해줘요 내 모든 날과 그때를,♪기억해줘요 내 모든 날과 그때를(거미)
윤하,44,쏘쎄,사건의 지평선,♪사건의 지평선(윤하)
케이윌,43,쏘쎄,내 생에 아름다운,♪내 생에 아름다운(케이윌)
에일리,42,쏘쎄,Heaven,♪Heaven(에일리)
"조유진, 박기영",42,쏘쎄,나에게로의 초대,"♪나에게로의 초대(조유진, 박기영)"
HYNN(박혜원),42,쏘쎄,시든 꽃에 물을 주듯,♪시든 꽃에 물을 주듯(HYNN(박혜원))
엠씨더맥스,41,쏘쎄,바라보기,♪바라보기(엠씨더맥스)
박완규,41,쏘쎄,사랑하기 전에는,♪사랑하기 전에는(박완규)
마마무,40,쏘쎄,딜라일라,♪딜라일라(마마무)
자우림,40,쏘쎄,"스물다섯, 스물하나","♪스물다섯, 스물하나(자우림)"
박화요비,38,쏘쎄,그런 일은,♪그런 일은(박화요비)
지아,38,쏘쎄,물론,♪물론(지아)
에일리,38,쏘쎄,첫눈처럼 너에게 가겠다,♪첫눈처럼 너에게 가겠다(에일리)
거미,38,쏘쎄,친구라도 될 걸 그랬어,♪친구라도 될 걸 그랬어(거미)
"디셈버, 제이세라",37,쏘쎄,"가슴으로 운다(Feat. 아이린, 윤미)","♪가슴으로 운다(Feat. 아이린, 윤미)(디셈버, 제이세라)"
다비치,37,쏘쎄,거북이,♪거북이(다비치)
김호중,37,쏘쎄,고맙소,♪고맙소(김호중)
케이시,37,쏘,나 그댈위해 시 한편을 쓰겠어,♪나 그댈위해 시 한편을 쓰겠어(케이시)
소향,37,쏘쎄,바람의 노래,♪바람의 노래(소향)
얀,37,쏘쎄,심(心),♪심(心)(얀)
마크툽,37,쏘쎄,오늘도 빛나는 너에게(Feat.이라온),♪오늘도 빛나는 너에게(Feat.이라온)(마크툽)
다비치,37,쏘쎄,팡파레,♪팡파레(다비치)
가비엔제이,37,쏘쎄,해바라기(Feat. 써니사이드 MJ),♪해바라기(Feat. 써니사이드 MJ)(가비엔제이)
The One(더원),36,쏘쎄,사랑아,♪사랑아(The One(더원))
이승철,36,쏘쎄,서쪽 하늘,♪서쪽 하늘(이승철)
케이시,36,쏘,진심이 담긴 노래,♪진심이 담긴 노래(케이시)
엠씨더맥스,35,쏘쎄,사계(하루살이),♪사계(하루살이)(엠씨더맥스)
싸이,35,쏘쎄,환희,♪환희(싸이)
이선희,34,쏘쎄,그 중에 그대를 만나,♪그 중에 그대를 만나(이선희)
엠씨더맥스,34,쏘쎄,너의 흔적,♪너의 흔적(엠씨더맥스)
심규선,34,쏘,야래향,♪야래향(심규선)
방탄소년단,33,쏘쎄,Dynamite,♪Dynamite(방탄소년단)
Koreana,33,쏘쎄,The Victory,♪The Victory(Koreana)
싸이,33,쏘쎄,기댈곳,♪기댈곳(싸이)
마야,33,쏘쎄,나를 외치다,♪나를 외치다(마야)
서영은,33,쏘쎄,내 안의 그대,♪내 안의 그대(서영은)
알리,33,쏘쎄,넋두리,♪넋두리(알리)
V.O.S,32,쏘쎄,다시 만날까 봐,♪다시 만날까 봐(V.O.S)
박정현,31,쏘쎄,꿈에,♪꿈에(박정현)
금잔디,31,쏘쎄,나를 살게하는 사랑,♪나를 살게하는 사랑(금잔디)
다비치,31,쏘쎄,미워도 사랑하니까,♪미워도 사랑하니까(다비치)
거북이,31,쏘쎄,비행기,♪비행기(거북이)
백지영,31,쏘쎄,사랑안해,♪사랑안해(백지영)
지아,31,쏘쎄,이건 내 노래,♪이건 내 노래(지아)
정은지,31,쏘쎄,하늘바라기(Feat. 하림),♪하늘바라기(Feat. 하림)(정은지)
왁스,31,쏘쎄,화장을 고치고,♪화장을 고치고(왁스)
마마무,30,쏘쎄,Decalcomanie,♪Decalcomanie(마마무)
버즈,30,쏘쎄,My Love(And),♪My Love(And)(버즈)
거미,30,쏘쎄,You Are My Everything,♪You Are My Everything(거미)
김경호,30,쏘쎄,금지된 사랑,♪금지된 사랑(김경호)
아이유,30,쏘쎄,밤편지,♪밤편지(아이유)
김태우,30,쏘쎄,사랑비,♪사랑비(김태우)
이무진,30,쏘쎄,신호등,♪신호등(이무진)
신해철,29,쏘쎄,민물장어의 꿈,♪민물장어의 꿈(신해철)
에일리,29,쏘쎄,보여줄게,♪보여줄게(에일리)
금잔디,29,쏘쎄,오라버니,♪오라버니(금잔디)
신예영,29,쏘쎄,우리 왜 헤어져야 해,♪우리 왜 헤어져야 해(신예영)
엠씨더맥스,29,쏘쎄,처음처럼,♪처음처럼(엠씨더맥스)
장윤정,29,쏘쎄,초혼,♪초혼(장윤정)
서영은,29,쏘쎄,혼자가 아닌 나,♪혼자가 아닌 나(서영은)
"윤민수, 송가인, 치타",28,쏘쎄,님아,"♪님아(윤민수, 송가인, 치타)"
이문세,28,쏘쎄,붉은 노을,♪붉은 노을(이문세)
김연우,28,쏘쎄,여전히 아름다운지,♪여전히 아름다운지(김연우)
더 크로스,27,쏘쎄,당신을 위하여,♪당신을 위하여(더 크로스)
거미,27,쏘,어른아이,♪어른아이(거미)
벤,27,쏘쎄,열애중,♪열애중(벤)
다비치,27,쏘쎄,이 사랑,♪이 사랑(다비치)
유정석,27,쏘쎄,질풍가도,♪질풍가도(유정석)
허각,26,쏘쎄,Hello,♪Hello(허각)
배치기,26,쏘쎄,No.3(Feat. Sol Flower),♪No.3(Feat. Sol Flower)(배치기)
송하예,26,쏘쎄,니 소식,♪니 소식(송하예)
유미,26,쏘쎄,별,♪별(유미)
이하이,26,쏘쎄,한숨,♪한숨(이하이)
gavy nj project group[H7美人(미인)(가비엔제이)],25,쏘쎄,LOVE ALL,♪LOVE ALL(gavy nj project group[H7美人(미인)(가비엔제이)])
김동희,25,쏘쎄,그대를 그대를,♪그대를 그대를(김동희)
다비치,25,쏘쎄,너에게 못했던 내 마지막 말은,♪너에게 못했던 내 마지막 말은(다비치)
이승철,25,쏘쎄,말리꽃,♪말리꽃(이승철)
먼데이 키즈,25,쏘쎄,사랑이 식었다고 말해도 돼,♪사랑이 식었다고 말해도 돼(먼데이 키즈)
지아,25,쏘쎄,사랑하기 싫어,♪사랑하기 싫어(지아)
알리,25,쏘쎄,서약,♪서약(알리)
씨야,25,쏘쎄,여인의 향기,♪여인의 향기(씨야)
서문탁,24,쏘쎄,"사랑, 결코 시들지 않는...","♪사랑, 결코 시들지 않는...(서문탁)"
지아,24,쏘쎄,사랑만 알아서,♪사랑만 알아서(지아)
유미,24,쏘쎄,사랑은 언제나 목마르다,♪사랑은 언제나 목마르다(유미)
린,24,쏘쎄,시간을 거슬러,♪시간을 거슬러(린)
아이유,24,쏘쎄,좋은 날,♪좋은 날(아이유)
러브홀릭스,23,쏘쎄,Butterfly,♪Butterfly(러브홀릭스)
Beyonce,23,쏘쎄,Listen,♪Listen(Beyonce)
태연,23,쏘쎄,만약에,♪만약에(태연)
양정승,23,쏘쎄,밤하늘의 별을...(With KCM & No Noo),♪밤하늘의 별을...(With KCM & No Noo)(양정승)
안예은,23,쏘쎄,상사화,♪상사화(안예은)
이선희,23,쏘쎄,왜 나만,♪왜 나만(이선희)
이선희,23,쏘쎄,인연,♪인연(이선희)
김보경,23,쏘쎄,혼자라고 생각말기,♪혼자라고 생각말기(김보경)
마마무,22,쏘쎄,Mr.애매모호,♪Mr.애매모호(마마무)
먼데이 키즈,22,쏘쎄,가을 안부,♪가을 안부(먼데이 키즈)
다비치,22,쏘쎄,그냥 안아달란 말야,♪그냥 안아달란 말야(다비치)
김필,22,쏘쎄,그때 그 아인,♪그때 그 아인(김필)
BMK,22,쏘쎄,물들어,♪물들어(BMK)
강민경,22,쏘쎄,사랑해서 그래,♪사랑해서 그래(강민경)
최유리,22,쏘쎄,이것밖에,♪이것밖에(최유리)
송하예,22,쏘쎄,행복해,♪행복해(송하예)
김연지,22,쏘쎄,홍대거리에서(그 여자..),♪홍대거리에서(그 여자..)(김연지)
심규선,22,쏘,화조도 花鳥圖,♪화조도 花鳥圖(심규선)
순순희,21,쏘쎄,그대가 내 안에 박혔다,♪그대가 내 안에 박혔다(순순희)
모모랜드,21,쏘쎄,바나나차차,♪바나나차차(모모랜드)
조성모,21,쏘쎄,불멸의 사랑,♪불멸의 사랑(조성모)
양파,21,쏘쎄,사랑..그게 뭔데,♪사랑..그게 뭔데(양파)
인순이,21,쏘쎄,아버지,♪아버지(인순이)
제이세라,21,쏘쎄,언제나 사랑해,♪언제나 사랑해(제이세라)
엠씨더맥스,21,쏘쎄,행복하지 말아요,♪행복하지 말아요(엠씨더맥스)
소찬휘,21,쏘쎄,현명한 선택,♪현명한 선택(소찬휘)
노라조,21,쏘쎄,형,♪형(노라조)
벤,21,쏘쎄,희재,♪희재(벤)
Mark Ronson,20,쏘쎄,Uptown Funk(Feat. Bruno Mars),♪Uptown Funk(Feat. Bruno Mars)(Mark Ronson)
김범수,20,쏘쎄,그댄 행복에 살텐데,♪그댄 행복에 살텐데(김범수)
소진,20,쏘,꿈에라도,♪꿈에라도(소진)
지아,20,쏘쎄,난 행복해,♪난 행복해(지아)
이은미,20,쏘쎄,녹턴,♪녹턴(이은미)
케이윌,20,쏘쎄,말해! 뭐해?,♪말해! 뭐해?(케이윌)
소찬휘,20,쏘쎄,일엽락,♪일엽락(소찬휘)
조선블루스,20,쏘쎄,작야,♪작야(조선블루스)
린,19,쏘쎄,...사랑했잖아...,♪...사랑했잖아...(린)
김연자,19,쏘쎄,10분내로,♪10분내로(김연자)
알리,19,쏘쎄,365일,♪365일(알리)
빅마마,19,쏘쎄,Break Away,♪Break Away(빅마마)
에일리,19,쏘쎄,U & I,♪U & I(에일리)
김연지,19,쏘쎄,Whisky on the Rock,♪Whisky on the Rock(김연지)
다비치,19,쏘쎄,그대를 잊는다는 건,♪그대를 잊는다는 건(다비치)
정승환,19,쏘쎄,눈사람,♪눈사람(정승환)
나오미,19,쏘쎄,몹쓸 사랑,♪몹쓸 사랑(나오미)
지아,19,쏘쎄,물끄러미,♪물끄러미(지아)
디셈버,19,쏘쎄,별이될께,♪별이될께(디셈버)
럼블피쉬,19,쏘쎄,비와 당신,♪비와 당신(럼블피쉬)
"임재범, 박정현",19,쏘쎄,사랑보다 깊은 상처,"♪사랑보다 깊은 상처(임재범, 박정현)"
이클립스,19,쏘쎄,소나기,♪소나기(이클립스)
김나영,19,쏘,솔직하게 말해서 나,♪솔직하게 말해서 나(김나영)
스탠딩 에그,19,쏘쎄,오래된 노래,♪오래된 노래(스탠딩 에그)
백지영,19,쏘쎄,잊지 말아요,♪잊지 말아요(백지영)
조정석,19,쏘쎄,좋아좋아,♪좋아좋아(조정석)
알리,19,쏘쎄,지우개,♪지우개(알리)
마크툽,19,쏘쎄,찰나가 영원이 될 때,♪찰나가 영원이 될 때(마크툽)
박재정,19,쏘쎄,헤어지자 말해요,♪헤어지자 말해요(박재정)
벤,19,쏘쎄,혼술하고 싶은 밤,♪혼술하고 싶은 밤(벤)
더 크로스,18,쏘쎄,Don't Cry,♪Don't Cry(더 크로스)
손승연,18,쏘쎄,Shout,♪Shout(손승연)
김진호,18,쏘쎄,가족사진,♪가족사진(김진호)
박상민,18,쏘쎄,그대인 순간들,♪그대인 순간들(박상민)
거미,18,쏘,기억상실,♪기억상실(거미)
거미,18,쏘쎄,눈꽃,♪눈꽃(거미)
김연지,18,쏘쎄,두눈에. 두볼에. 가슴에,♪두눈에. 두볼에. 가슴에(김연지)
미스에스,18,쏘쎄,바람피지마(Feat. 남규리 Of 씨야),♪바람피지마(Feat. 남규리 Of 씨야)(미스에스)
거북이,18,쏘쎄,빙고,♪빙고(거북이)
FTISLAND,18,쏘쎄,사랑하는 법을 몰라서,♪사랑하는 법을 몰라서(FTISLAND)
장범준,18,쏘쎄,잠이 오질 않네요,♪잠이 오질 않네요(장범준)
HYNN(박혜원),18,쏘쎄,차가워진 이 바람엔 우리가 써있어(Bad Love),♪차가워진 이 바람엔 우리가 써있어(Bad Love)(HYNN(박혜원))
이수(엠씨더맥스),17,쏘쎄,Your Lights,♪Your Lights(이수(엠씨더맥스))
바이브,17,쏘쎄,가을 타나 봐,♪가을 타나 봐(바이브)
얀,17,쏘쎄,그래서 그대는,♪그래서 그대는(얀)
윤하,17,쏘쎄,기다리다,♪기다리다(윤하)
디아,17,쏘쎄,날 위한 이별,♪날 위한 이별(디아)
보보,17,쏘쎄,늦은 후회,♪늦은 후회(보보)
이해리,17,쏘쎄,미운 날,♪미운 날(이해리)
정인,17,쏘쎄,미워요,♪미워요(정인)
진민호,17,쏘쎄,반만,♪반만(진민호)
김동희,17,쏘쎄,썸데이,♪썸데이(김동희)
이선희,17,쏘쎄,아름다운 강산,♪아름다운 강산(이선희)
박화요비,17,쏘쎄,어떤가요,♪어떤가요(박화요비)
주현미,17,쏘쎄,여인의 눈물,♪여인의 눈물(주현미)
가비엔제이,17,쏘쎄,연애소설,♪연애소설(가비엔제이)
CHEEZE(치즈),17,쏘,이렇게 좋아해 본 적이 없어요,♪이렇게 좋아해 본 적이 없어요(CHEEZE(치즈))
벤,16,쏘쎄,180도,♪180도(벤)
이선희,16,쏘쎄,그대 손 놓아요,♪그대 손 놓아요(이선희)
유해준,16,쏘쎄,나에게 그대만이,♪나에게 그대만이(유해준)
DK(디셈버),16,쏘쎄,나와 헤어진 걸 다행이라 생각할 수 있게,♪나와 헤어진 걸 다행이라 생각할 수 있게(DK(디셈버))
HYNN(박혜원),16,쏘쎄,막차,♪막차(HYNN(박혜원))
헤이즈,16,쏘쎄,비도 오고 그래서(Feat. 신용재),♪비도 오고 그래서(Feat. 신용재)(헤이즈)
윤성,16,쏘쎄,사랑은 결국 거짓말,♪사랑은 결국 거짓말(윤성)
한경일,16,쏘,슬픈 초대장,♪슬픈 초대장(한경일)
이선희,16,쏘쎄,오월의 햇살,♪오월의 햇살(이선희)
이소라,16,쏘쎄,제발,♪제발(이소라)
박효신,16,쏘쎄,좋은사람,♪좋은사람(박효신)
박정현,16,쏘쎄,첫인상,♪첫인상(박정현)
코요태,16,쏘쎄,파란,♪파란(코요태)
정키,16,쏘쎄,홀로(Feat. 김나영),♪홀로(Feat. 김나영)(정키)
백지영,15,쏘쎄,Dash,♪Dash(백지영)
박화요비,15,쏘,Lie,♪Lie(박화요비)
Celine Dion,15,쏘쎄,My Heart Will Go On,♪My Heart Will Go On(Celine Dion)
이하이,15,쏘쎄,Rose,♪Rose(이하이)
신용재,15,쏘쎄,가수가 된 이유,♪가수가 된 이유(신용재)
WSG워너비,15,쏘쎄,결국엔 너에게 닿아서,♪결국엔 너에게 닿아서(WSG워너비)
김현정,15,쏘쎄,그녀와의 이별,♪그녀와의 이별(김현정)
거미,15,쏘쎄,그대라서,♪그대라서(거미)
지아,15,쏘쎄,그대만 보여요(Feat. BIGBANG(빅뱅) T.O.P),♪그대만 보여요(Feat. BIGBANG(빅뱅) T.O.P)(지아)
베이비블루,15,쏘쎄,그때 생각나?,♪그때 생각나?(베이비블루)
허각,15,쏘쎄,나를 사랑했던 사람아,♪나를 사랑했던 사람아(허각)
다비치,15,쏘쎄,노을,♪노을(다비치)
케이윌,15,쏘쎄,니가 필요해,♪니가 필요해(케이윌)
이수영,15,쏘,덩그러니,♪덩그러니(이수영)
아이유,15,쏘쎄,미아,♪미아(아이유)
이소라,15,쏘쎄,바람이 분다,♪바람이 분다(이소라)
송이한,15,쏘쎄,밝게 빛나는 별이 되어 비춰줄게,♪밝게 빛나는 별이 되어 비춰줄게(송이한)
전미도,15,쏘쎄,사랑하게 될 줄 알았어,♪사랑하게 될 줄 알았어(전미도)
박기영,15,쏘쎄,시작,♪시작(박기영)
윤하,15,쏘쎄,오늘 헤어졌어요,♪오늘 헤어졌어요(윤하)
"정은지, 서인국",15,쏘쎄,우리 사랑 이대로,"♪우리 사랑 이대로(정은지, 서인국)"
엠씨더맥스,15,쏘쎄,잠시만 안녕,♪잠시만 안녕(엠씨더맥스)
이선희,15,쏘쎄,추억의 책장을 넘기면,♪추억의 책장을 넘기면(이선희)
황인욱,15,쏘쎄,포장마차,♪포장마차(황인욱)
소찬휘,14,쏘,Fine,♪Fine(소찬휘)
15&,14,쏘쎄,I Dream,♪I Dream(15&)
부활,14,쏘쎄,Never Ending Story,♪Never Ending Story(부활)
최용준,14,쏘쎄,갈채,♪갈채(최용준)
뜨거운 감자,14,쏘쎄,고백,♪고백(뜨거운 감자)
린,14,쏘쎄,곰인형(Feat. 해금),♪곰인형(Feat. 해금)(린)
김범수,14,쏘쎄,끝사랑,♪끝사랑(김범수)
SG 워너비,14,쏘쎄,내 사람,♪내 사람(SG 워너비)
박기영,14,쏘쎄,마지막 사랑,♪마지막 사랑(박기영)
나얼,14,쏘쎄,바람기억,♪바람기억(나얼)
김하온,14,쏘,붕붕(Feat. 식케이)(Prod. GroovyRoom),♪붕붕(Feat. 식케이)(Prod. GroovyRoom)(김하온)
다비치,14,쏘쎄,사고쳤어요,♪사고쳤어요(다비치)
영지,14,쏘쎄,사랑하기 싫어,♪사랑하기 싫어(영지)
박보람,14,쏘쎄,세월이 가면,♪세월이 가면(박보람)
에픽하이,14,쏘쎄,우산(Feat. 윤하),♪우산(Feat. 윤하)(에픽하이)
V.O.S,14,쏘쎄,울어,♪울어(V.O.S)
임재범,14,쏘쎄,이 또한 지나가리라,♪이 또한 지나가리라(임재범)
노라조,14,쏘쎄,카레,♪카레(노라조)
"서인국, 정은지",13,쏘쎄,All For You,"♪All For You(서인국, 정은지)"
윤미래,13,쏘쎄,ALWAYS,♪ALWAYS(윤미래)
가비엔제이,13,쏘쎄,Happiness,♪Happiness(가비엔제이)
브라운아이드걸스,13,쏘쎄,Sixth Sense,♪Sixth Sense(브라운아이드걸스)
소향,13,쏘쎄,가슴만 알죠,♪가슴만 알죠(소향)
태연,13,쏘쎄,그대라는 시,♪그대라는 시(태연)
케이시,13,쏘쎄,그때가 좋았어,♪그때가 좋았어(케이시)
"하동균, 이정",13,쏘쎄,기다릴게,"♪기다릴게(하동균, 이정)"
임창정,13,쏘쎄,내가 저지른 사랑,♪내가 저지른 사랑(임창정)
노을,13,쏘쎄,늦은 밤 너의 집 앞 골목길에서,♪늦은 밤 너의 집 앞 골목길에서(노을)
폴킴,13,쏘쎄,"모든 날, 모든 순간","♪모든 날, 모든 순간(폴킴)"
김범수,13,쏘쎄,보고 싶다,♪보고 싶다(김범수)
장윤정,13,쏘쎄,불나비,♪불나비(장윤정)
다비치,13,쏘쎄,슬픈 다짐,♪슬픈 다짐(다비치)
바버렛츠,13,쏘쎄,아빠의 청춘,♪아빠의 청춘(바버렛츠)
김나영,13,쏘쎄,어쩔 수가 없나 봐(Prod. 정키),♪어쩔 수가 없나 봐(Prod. 정키)(김나영)
샤프,13,쏘쎄,연극이 끝난 후,♪연극이 끝난 후(샤프)
마야,13,쏘쎄,진달래꽃,♪진달래꽃(마야)
빅마마,13,쏘쎄,체념 後,♪체념 後(빅마마)
에픽하이,13,쏘쎄,트로트,♪트로트(에픽하이)
다비치,13,쏘쎄,편지,♪편지(다비치)
터보,12,쏘쎄,Always,♪Always(터보)
Donna Summer,12,쏘쎄,Hot Stuff,♪Hot Stuff(Donna Summer)
HYNN(박혜원),12,쏘쎄,LET ME OUT,♪LET ME OUT(HYNN(박혜원))
김아중,12,쏘쎄,Maria,♪Maria(김아중)
"박정현, 소향, 이영현",12,쏘쎄,Mermaid,"♪Mermaid(박정현, 소향, 이영현)"
루머스,12,쏘쎄,Storm,♪Storm(루머스)
Sam Ryder,12,쏘쎄,Tiny Riot,♪Tiny Riot(Sam Ryder)
버즈,12,쏘쎄,가시,♪가시(버즈)
"이영현, 소향",12,쏘쎄,곁,"♪곁(이영현, 소향)"
씨야,12,쏘쎄,그 사람(구두Ⅲ),♪그 사람(구두Ⅲ)(씨야)
BMK,12,쏘쎄,꽃피는 봄이 오면,♪꽃피는 봄이 오면(BMK)
벤,12,쏘쎄,꿈처럼,♪꿈처럼(벤)
드렁큰 타이거,12,쏘쎄,난 널 원해,♪난 널 원해(드렁큰 타이거)
케이시,12,쏘쎄,늦은 밤 헤어지긴 너무 아쉬워,♪늦은 밤 헤어지긴 너무 아쉬워(케이시)
도원경,12,쏘쎄,다시 사랑한다면,♪다시 사랑한다면(도원경)
성시경,12,쏘쎄,두사람,♪두사람(성시경)
지아,12,쏘쎄,바이올린,♪바이올린(지아)
빅마마,12,쏘쎄,배반,♪배반(빅마마)
다비치,12,쏘쎄,사랑과 전쟁(Narr. 하하),♪사랑과 전쟁(Narr. 하하)(다비치)
임재현,12,쏘쎄,사랑에 연습이 있었다면,♪사랑에 연습이 있었다면(임재현)
송하예,12,쏘쎄,새 사랑,♪새 사랑(송하예)
박상민,12,쏘쎄,서른이면,♪서른이면(박상민)
임창정,12,쏘쎄,소주 한 잔,♪소주 한 잔(임창정)
옥상달빛,12,쏘쎄,"수고했어, 오늘도","♪수고했어, 오늘도(옥상달빛)"
씨야,12,쏘쎄,슬픈 발걸음(구두Ⅱ),♪슬픈 발걸음(구두Ⅱ)(씨야)
가호,12,쏘쎄,시작,♪시작(가호)
AKMU(악뮤),12,쏘쎄,"어떻게 이별까지 사랑하겠어, 널 사랑하는 거지","♪어떻게 이별까지 사랑하겠어, 널 사랑하는 거지(AKMU(악뮤))"
김건모,12,쏘쎄,어제보다 슬픈 오늘,♪어제보다 슬픈 오늘(김건모)
싸이,12,쏘쎄,예술이야,♪예술이야(싸이)
김범수,12,쏘쎄,오직 너만,♪오직 너만(김범수)
원미연,12,쏘,위로해 주세요,♪위로해 주세요(원미연)
아이비,12,쏘쎄,이럴거면,♪이럴거면(아이비)
정인,12,쏘쎄,장마,♪장마(정인)
에일리,12,쏘쎄,저녁 하늘,♪저녁 하늘(에일리)
거미,12,쏘쎄,죽어도 사랑해,♪죽어도 사랑해(거미)
백지영,12,쏘쎄,총 맞은 것처럼,♪총 맞은 것처럼(백지영)
이은미,12,쏘쎄,헤어지는 중입니다,♪헤어지는 중입니다(이은미)
이수영,12,쏘쎄,휠릴리,♪휠릴리(이수영)
윤도현(YB),12,쏘쎄,흰수염고래,♪흰수염고래(윤도현(YB))
IVE(아이브),11,쏘쎄,I AM,♪I AM(IVE(아이브))
The Weather Girls,11,쏘쎄,It's Raining Men,♪It's Raining Men(The Weather Girls)
아이유,11,쏘쎄,Love wins all,♪Love wins all(아이유)
린,11,쏘쎄,My Destiny,♪My Destiny(린)
Boney M,11,쏘쎄,Sunny,♪Sunny(Boney M)
뱅크,11,쏘쎄,가질 수 없는 너,♪가질 수 없는 너(뱅크)
인순이,11,쏘쎄,거위의 꿈,♪거위의 꿈(인순이)
타샤니,11,쏘쎄,경고,♪경고(타샤니)
바이브,11,쏘쎄,그 남자 그 여자(Feat. 장혜진),♪그 남자 그 여자(Feat. 장혜진)(바이브)
러브홀릭,11,쏘쎄,그대만 있다면,♪그대만 있다면(러브홀릭)
조수미,11,쏘쎄,나가거든,♪나가거든(조수미)
심은경,11,쏘쎄,나성에 가면,♪나성에 가면(심은경)
AKMU(악뮤),11,쏘쎄,낙하(with 아이유),♪낙하(with 아이유)(AKMU(악뮤))
체리 필터,11,쏘쎄,낭만고양이,♪낭만고양이(체리 필터)
성시경,11,쏘쎄,너의 모든 순간,♪너의 모든 순간(성시경)
에일리,11,쏘쎄,노래가 늘었어,♪노래가 늘었어(에일리)
거미,11,쏘,님은 먼 곳에,♪님은 먼 곳에(거미)
박화요비,11,쏘,당신과의 키스를 세어보아요,♪당신과의 키스를 세어보아요(박화요비)
"홍진영, 김영철",11,쏘쎄,따르릉,"♪따르릉(홍진영, 김영철)"
아이유,11,쏘쎄,마음을 드려요,♪마음을 드려요(아이유)
우효,11,쏘,민들레,♪민들레(우효)
브라운 아이즈,11,쏘쎄,벌써 일년,♪벌써 일년(브라운 아이즈)
알리,11,쏘쎄,별 짓 다해봤는데,♪별 짓 다해봤는데(알리)
윤하,11,쏘쎄,비가 내리는 날에는,♪비가 내리는 날에는(윤하)
윤하,11,쏘쎄,비밀번호 486,♪비밀번호 486(윤하)
장윤정,11,쏘쎄,사랑아,♪사랑아(장윤정)
린,11,쏘쎄,실화,♪실화(린)
아이유,11,쏘쎄,아이와 나의 바다,♪아이와 나의 바다(아이유)
KCM,11,쏘쎄,알아요,♪알아요(KCM)
김광석,11,쏘쎄,어느 60대 노부부 이야기,♪어느 60대 노부부 이야기(김광석)
란,11,쏘쎄,어쩌다가,♪어쩌다가(란)
"임세준, 벤",11,쏘쎄,오늘은 가지마,"♪오늘은 가지마(임세준, 벤)"
임영웅,11,쏘,우리들의 블루스,♪우리들의 블루스(임영웅)
지아,11,쏘쎄,웃어줄래,♪웃어줄래(지아)
애즈원,11,쏘쎄,원하고 원망하죠,♪원하고 원망하죠(애즈원)
임영웅,11,쏘쎄,이제 나만 믿어요,♪이제 나만 믿어요(임영웅)
이지훈,11,쏘쎄,인형(Duet. 신혜성),♪인형(Duet 신혜성)(이지훈)
지아,11,쏘쎄,일 년째,♪일 년째(지아)
김건모,11,쏘쎄,잘못된 만남,♪잘못된 만남(김건모)
윤종신,11,쏘쎄,좋니,♪좋니(윤종신)
다비치,11,쏘쎄,행복해서 미안해,♪행복해서 미안해(다비치)
Mariah Carey,10,쏘쎄,All I Want for Christmas Is You,♪All I Want for Christmas Is You(Mariah Carey)
IVE(아이브),10,쏘쎄,LOVE DIVE,♪LOVE DIVE(IVE(아이브))
아이유,10,쏘쎄,Love Poem,♪Love Poem(아이유)
Nat King Cole,10,쏘,L-O-V-E,♪L-O-V-E(Nat King Cole)
울랄라세션,10,쏘쎄,Swing Baby,♪Swing Baby(울랄라세션)
지아,10,쏘쎄,가끔,♪가끔(지아)
수지,10,쏘쎄,겨울아이,♪겨울아이(수지)
거미,10,쏘쎄,그대 돌아오면,♪그대 돌아오면(거미)
김나영,10,쏘,꺼내본다,♪꺼내본다(김나영)
거미,10,쏘쎄,날 그만 잊어요,♪날 그만 잊어요(거미)
김연지,10,쏘,내 맘(Mom),♪내 맘(Mom)(김연지)
어반자카파,10,쏘쎄,널 사랑하지 않아,♪널 사랑하지 않아(어반자카파)
소녀시대,10,쏘쎄,다시 만난 세계,♪다시 만난 세계(소녀시대)
하현상,10,쏘쎄,등대,♪등대(하현상)
BLACKPINK(블랙핑크),10,쏘쎄,마지막처럼,♪마지막처럼(BLACKPINK(블랙핑크))
자우림,10,쏘쎄,매직 카펫 라이드,♪매직 카펫 라이드(자우림)
김현정,10,쏘쎄,멍,♪멍(김현정)
이은하,10,쏘쎄,미소를 띄우며 나를 보낸 그 모습처럼,♪미소를 띄우며 나를 보낸 그 모습처럼(이은하)
먼데이 키즈,10,쏘쎄,발자국,♪발자국(먼데이 키즈)
V.O.S,10,쏘쎄,보고싶은 날엔..,♪보고싶은 날엔..(V.O.S)
장기하,10,쏘쎄,부럽지가 않어,♪부럽지가 않어(장기하)
로이킴,10,쏘쎄,북두칠성,♪북두칠성(로이킴)
부활,10,쏘,비밀(Special Vocal. 박완규),♪비밀(Special Vocal. 박완규)(부활)
FTISLAND,10,쏘쎄,사랑앓이,♪사랑앓이(FTISLAND)
홍진영,10,쏘쎄,사랑의 배터리,♪사랑의 배터리(홍진영)
태연,10,쏘쎄,사랑해요,♪사랑해요(태연)
우디,10,쏘쎄,사막에서 꽃을 피우듯,♪사막에서 꽃을 피우듯(우디)
SG 워너비,10,쏘쎄,살다가,♪살다가(SG 워너비)
바이브,10,쏘쎄,술이야,♪술이야(바이브)
쿨,10,쏘쎄,아로하,♪아로하(쿨)
김경호,10,쏘쎄,아름답게 사랑하는 날까지(금지된 사랑 Ⅱ),♪아름답게 사랑하는 날까지(금지된 사랑 Ⅱ)(김경호)
양파,10,쏘쎄,애송이의 사랑,♪애송이의 사랑(양파)
박효신,10,쏘쎄,야생화,♪야생화(박효신)
에일리,10,쏘쎄,얼음꽃,♪얼음꽃(에일리)
"씨야, 다비치, 티아라",10,쏘쎄,여성시대,"♪여성시대(씨야, 다비치, 티아라)"
체리 필터,10,쏘쎄,오리 날다,♪오리 날다(체리 필터)
지아,10,쏘쎄,웃음만..,♪웃음만..(지아)
izi,10,쏘쎄,응급실,♪응급실(izi)
박정현,10,쏘쎄,이젠 그랬으면 좋겠네,♪이젠 그랬으면 좋겠네(박정현)
린,10,쏘쎄,자기야 여보야 사랑아,♪자기야 여보야 사랑아(린)
김범수,10,쏘쎄,제발,♪제발(김범수)
동방신기,10,쏘쎄,주문-MIROTIC,♪주문-MIROTIC(동방신기)
윤수현,10,쏘쎄,천태만상,♪천태만상(윤수현)
조PD,10,쏘쎄,친구여(Feat. 인순이),♪친구여(Feat. 인순이)(조PD)
에코,10,쏘쎄,행복한 나를,♪행복한 나를(에코)
V.O.S,9,쏘쎄,Beautiful Life,♪Beautiful Life(V.O.S)
박효신,9,쏘쎄,Goodbye,♪Goodbye(박효신)
마마무,9,쏘쎄,HIP,♪HIP(마마무)
다비치,9,쏘쎄,Hot Stuff,♪Hot Stuff(다비치)
MC몽,9,쏘쎄,I Love U Oh Thank U(Feat. 김태우 Of God),♪I Love U Oh Thank U(Feat. 김태우 Of God)(MC몽)
오윤혜,9,쏘쎄,I Wish,♪I Wish(오윤혜)
싸이,9,쏘쎄,Right Now,♪Right Now(싸이)
Naomi Scott,9,쏘,Speechless,♪Speechless(Naomi Scott)
하진,9,쏘쎄,We All Lie,♪We All Lie(하진)
나얼,9,쏘쎄,같은 시간 속의 너,♪같은 시간 속의 너(나얼)
빅마마,9,쏘쎄,거부,♪거부(빅마마)
나얼,9,쏘쎄,귀로,♪귀로(나얼)
양파,9,쏘쎄,그대를 알고,♪그대를 알고(양파)
넬,9,쏘쎄,기억을 걷는 시간,♪기억을 걷는 시간(넬)
김경호,9,쏘쎄,나를 슬프게 하는 사람들,♪나를 슬프게 하는 사람들(김경호)
아이유,9,쏘쎄,나만 몰랐던 이야기,♪나만 몰랐던 이야기(아이유)
지아,9,쏘쎄,나쁜 버릇,♪나쁜 버릇(지아)
버즈,9,쏘쎄,나에게로 떠나는 여행,♪나에게로 떠나는 여행(버즈)
볼빨간사춘기,9,쏘쎄,나의 사춘기에게,♪나의 사춘기에게(볼빨간사춘기)
다비치,9,쏘쎄,난 너에게,♪난 너에게(다비치)
다비치,9,쏘쎄,남자도 우나요,♪남자도 우나요(다비치)
마야,9,쏘쎄,못다핀 꽃 한송이,♪못다핀 꽃 한송이(마야)
김소연,9,쏘쎄,미소를 띄우며 나를 보낸 그 모습처럼,♪미소를 띄우며 나를 보낸 그 모습처럼(김소연)
손승연,9,쏘쎄,미운오리새끼,♪미운오리새끼(손승연)
씨야,9,쏘쎄,미워요,♪미워요(씨야)
효린,9,쏘쎄,미치게 만들어,♪미치게 만들어(효린)
레드애플,9,쏘쎄,바람아 불어라,♪바람아 불어라(레드애플)
에메랄드 캐슬,9,쏘쎄,발걸음,♪발걸음(에메랄드 캐슬)
김연지,9,쏘쎄,봄날에(With 허각),♪봄날에(With 허각)(김연지)
비스트,9,쏘쎄,비가 오는 날엔,♪비가 오는 날엔(비스트)
제이세라,9,쏘쎄,사랑시 고백구 행복동,♪사랑시 고백구 행복동(제이세라)
지아,9,쏘쎄,사랑해 미안해,♪사랑해 미안해(지아)
서문탁,9,쏘,사미인곡,♪사미인곡(서문탁)
서문탁,9,쏘,사슬,♪사슬(서문탁)
이승기,9,쏘쎄,삭제,♪삭제(이승기)
홍진영,9,쏘쎄,산다는 건,♪산다는 건(홍진영)
스페이스 에이,9,쏘쎄,섹시한 남자,♪섹시한 남자(스페이스 에이)
에일리,9,쏘쎄,손대지마,♪손대지마(에일리)
"장혜진, 윤민수",9,쏘쎄,술이 문제야,"♪술이 문제야(장혜진, 윤민수)"
최유리,9,쏘쎄,숲,♪숲(최유리)
이선희,9,쏘쎄,아 옛날이여,♪아 옛날이여(이선희)
울랄라세션,9,쏘쎄,아름다운 밤,♪아름다운 밤(울랄라세션)
이승철,9,쏘쎄,아마추어,♪아마추어(이승철)
체리 필터,9,쏘쎄,안드로메다,♪안드로메다(체리 필터)
라디,9,쏘,엄마,♪엄마(라디)
"양희은, 김창기",9,쏘쎄,엄마가 딸에게(Feat. 김규리),"♪엄마가 딸에게(Feat. 김규리)(양희은, 김창기)"
김범수,9,쏘쎄,여행,♪여행(김범수)
김현철,9,쏘,연애,♪연애(김현철)
펀치,9,쏘쎄,영화 속에 나오는 주인공처럼,♪영화 속에 나오는 주인공처럼(펀치)
야다,9,쏘쎄,이미 슬픈 사랑,♪이미 슬픈 사랑(야다)
김광석,9,쏘쎄,잊어야 한다는 마음으로,♪잊어야 한다는 마음으로(김광석)
야다,9,쏘쎄,진혼,♪진혼(야다)
KCM,9,쏘쎄,흑백사진,♪흑백사진(KCM)
Luis Fonsi,8,쏘쎄,Despacito(Feat. Daddy Yankee),♪Despacito(Feat. Daddy Yankee)(Luis Fonsi)
Julie London,8,쏘,Fly Me To The Moon,♪Fly Me To The Moon(Julie London)
aespa(에스파),8,쏘쎄,Next Level,♪Next Level(aespa(에스파))
Mariah Carey,8,쏘쎄,Santa Claus Is Coming To Town,♪Santa Claus Is Coming To Town(Mariah Carey)
윤미래,8,쏘,검은 행복,♪검은 행복(윤미래)
버즈,8,쏘쎄,겁쟁이,♪겁쟁이(버즈)
다비치,8,쏘쎄,괜찮아 사랑이야,♪괜찮아 사랑이야(다비치)
거미,8,쏘쎄,구르미 그린 달빛,♪구르미 그린 달빛(거미)
신해철,8,쏘쎄,그대에게,♪그대에게(신해철)
이승철,8,쏘쎄,그런 사람 또 없습니다,♪그런 사람 또 없습니다(이승철)
장윤정,8,쏘쎄,꽃,♪꽃(장윤정)
서영은,8,쏘쎄,꿈을 꾼다,♪꿈을 꾼다(서영은)
백지영,8,쏘쎄,나쁜 사람,♪나쁜 사람(백지영)
V.O.S,8,쏘쎄,나이젠,♪나이젠(V.O.S)
남규리,8,쏘쎄,남자,♪남자(남규리)
린,8,쏘쎄,내 눈물 모아,♪내 눈물 모아(린)
자전거 탄 풍경,8,쏘쎄,너에게 난 나에게 넌,♪너에게 난 나에게 넌(자전거 탄 풍경)
성시경,8,쏘쎄,넌 감동이었어,♪넌 감동이었어(성시경)
"린, 이수(엠씨더맥스)",8,쏘,눈물 나게 만들었잖아,"♪눈물 나게 만들었잖아(린, 이수(엠씨더맥스))"
박효신,8,쏘쎄,눈의 꽃,♪눈의 꽃(박효신)
포맨,8,쏘쎄,다시 사랑 할 수 있을까(Feat. 다비치),♪다시 사랑 할 수 있을까(Feat. 다비치)(포맨)
조용필,8,쏘쎄,단발머리,♪단발머리(조용필)
다비치,8,쏘쎄,두사랑(Feat. 매드클라운),♪두사랑(Feat. 매드클라운)(다비치)
BLACKPINK(블랙핑크),8,쏘쎄,뚜두뚜두,♪뚜두뚜두(BLACKPINK(블랙핑크))
유성은,8,쏘쎄,마리화나,♪마리화나(유성은)
노사연,8,쏘쎄,바램,♪바램(노사연)
자자,8,쏘쎄,버스안에서,♪버스안에서(자자)
BLACKPINK(블랙핑크),8,쏘쎄,불장난,♪불장난(BLACKPINK(블랙핑크))
임재범,8,쏘쎄,비상,♪비상(임재범)
Khundi Panda,8,쏘,뿌리(Feat. JUSTHIS)(Prod. GroovyRoom),♪뿌리(Feat. JUSTHIS)(Prod. GroovyRoom)(Khundi Panda)
태연,8,쏘쎄,사계,♪사계(태연)
홍자,8,쏘쎄,사랑 참,♪사랑 참(홍자)
김광석,8,쏘쎄,사랑했지만,♪사랑했지만(김광석)
김길중,8,쏘쎄,사랑했지만,♪사랑했지만(김길중)
부활,8,쏘쎄,생각이나,♪생각이나(부활)
나미,8,쏘쎄,슬픈 인연,♪슬픈 인연(나미)
다비치,8,쏘쎄,시간아 멈춰라,♪시간아 멈춰라(다비치)
이은미,8,쏘쎄,애인 있어요,♪애인 있어요(이은미)
싸이,8,쏘쎄,어땠을까(Feat. 박정현),♪어땠을까(Feat. 박정현)(싸이)
씨야,8,쏘쎄,얼음인형,♪얼음인형(씨야)
빅마마,8,쏘쎄,여자,♪여자(빅마마)
키스,8,쏘쎄,여자이니까,♪여자이니까(키스)
윤종신,8,쏘쎄,오래전 그날,♪오래전 그날(윤종신)
왁스,8,쏘쎄,오빠,♪오빠(왁스)
신현희와김루트,8,쏘쎄,오빠야,♪오빠야(신현희와김루트)
엔플라잉,8,쏘쎄,옥탑방,♪옥탑방(엔플라잉)
백예린,8,쏘쎄,우주를 건너,♪우주를 건너(백예린)
영지,8,쏘쎄,이 노래 듣지마,♪이 노래 듣지마(영지)
아이유,8,쏘쎄,잔소리(With 2AM 슬옹),♪잔소리(With 2AM 슬옹)(아이유)
정재욱,8,쏘쎄,잘가요,♪잘가요(정재욱)
이승환,8,쏘쎄,천일동안,♪천일동안(이승환)
마로니에,8,쏘쎄,칵테일 사랑,♪칵테일 사랑(마로니에)
비비,8,쏘쎄,하늘땅 별땅,♪하늘땅 별땅(비비)
심은경,8,쏘,하얀 나비,♪하얀 나비(심은경)
김종국,8,쏘쎄,한 남자,♪한 남자(김종국)
Various Artists,8,쏘쎄,한국을 빛낸 100명의 위인들,♪한국을 빛낸 100명의 위인들(Various Artists)
SG 워너비,8,쏘쎄,한여름날의 꿈(Feat. 옥주현),♪한여름날의 꿈(Feat. 옥주현)(SG 워너비)
휘인,8,쏘,헤어지자(Prod. 정키),♪헤어지자(Prod. 정키)(휘인)
Ann One,8,쏘쎄,혼자하는 사랑,♪혼자하는 사랑(Ann One)
김연지,7,쏘쎄,10년이나 버티니,♪10년이나 버티니(김연지)
별,7,쏘쎄,12월 32일,♪12월 32일(별)
장혜진,7,쏘쎄,1994년 어느 늦은 밤,♪1994년 어느 늦은 밤(장혜진)
Anne Marie,7,쏘쎄,2002,♪2002(Anne Marie)
브라운아이드걸스,7,쏘쎄,Abracadabra,♪Abracadabra(브라운아이드걸스)
스페이스 에이,7,쏘,Again,♪Again(스페이스 에이)
박원,7,쏘쎄,all of my life,♪all of my life(박원)
Kelly Clarkson,7,쏘쎄,Because Of You,♪Because Of You(Kelly Clarkson)
거미,7,쏘쎄,Because Of You,♪Because Of You(거미)
Sia,7,쏘쎄,Chandelier,♪Chandelier(Sia)
BewhY,7,쏘,Day Day(Feat. 박재범)(Prod. by GRAY),♪Day Day(Feat. 박재범)(Prod. by GRAY)(BewhY)
"에일리, 2LSON",7,쏘쎄,I'm In Love,"♪I'm In Love(에일리, 2LSON)"
보아,7,쏘쎄,NO.1,♪NO.1(보아)
엄정화,7,쏘쎄,Poison,♪Poison(엄정화)
Adele,7,쏘,Someone Like You,♪Someone Like You(Adele)
Kelly Clarkson,7,쏘쎄,Stronger(What Doesn't Kill You),♪Stronger(What Doesn't Kill You)(Kelly Clarkson)
에스파,7,쏘쎄,Supernova,♪Supernova(aespa(에스파))
SG 워너비,7,쏘쎄,Timeless,♪Timeless(SG 워너비)
"티아라, 초신성",7,쏘쎄,TTL,"♪TTL(티아라, 초신성)"
박봄,7,쏘쎄,YOU AND I,♪YOU AND I(박봄)
케이윌,7,쏘,가슴이 뛴다,♪가슴이 뛴다(케이윌)
성시경,7,쏘쎄,거리에서,♪거리에서(성시경)
이적,7,쏘쎄,걱정말아요 그대,♪걱정말아요 그대(이적)
블랙펄,7,쏘쎄,결국... 너잖아,♪결국... 너잖아(블랙펄)
씨야,7,쏘쎄,결혼할까요,♪결혼할까요(씨야)
엠씨더맥스,7,쏘쎄,그대가 분다,♪그대가 분다(엠씨더맥스)
박미경,7,쏘쎄,기억속의 먼 그대에게,♪기억속의 먼 그대에게(박미경)
나비,7,쏘쎄,길에서,♪길에서(나비)
이루,7,쏘쎄,까만안경(Feat. Day Light),♪까만안경(Feat. Day Light)(이루)
김세정,7,쏘,꽃길(Prod. By ZICO),♪꽃길(Prod. By ZICO)(김세정)
조승우,7,쏘쎄,꽃이 피고 지듯이,♪꽃이 피고 지듯이(조승우)
다비치,7,쏘쎄,꿈처럼 내린,♪꿈처럼 내린(다비치)
이선희,7,쏘쎄,나 항상 그대를,♪나 항상 그대를(이선희)
아이유,7,쏘쎄,나의 옛날이야기,♪나의 옛날이야기(아이유)
다비치,7,쏘쎄,나의 오랜 연인에게,♪나의 오랜 연인에게(다비치)
서태지와 아이들,7,쏘쎄,난 알아요,♪난 알아요(서태지와 아이들)
김수희,7,쏘쎄,남행열차,♪남행열차(김수희)
김연우,7,쏘쎄,내가 너의 곁에 잠시 살았다는걸,♪내가 너의 곁에 잠시 살았다는걸(김연우)
엠씨더맥스,7,쏘쎄,넘쳐흘러,♪넘쳐흘러(엠씨더맥스)
씨스타,7,쏘쎄,니까짓게,♪니까짓게(씨스타)
브라운아이드걸스,7,쏘쎄,다가와서,♪다가와서(브라운아이드걸스)
서주경,7,쏘쎄,당돌한 여자,♪당돌한 여자(서주경)
선우정아,7,쏘쎄,도망가자,♪도망가자(선우정아)
아이유,7,쏘쎄,라일락,♪라일락(아이유)
포맨,7,쏘쎄,못해(Feat. 美),♪못해(Feat. 美)(포맨)
Esther(에스더),7,쏘쎄,뭐를 잘못한거니!,♪뭐를 잘못한거니!(Esther(에스더))
인순이,7,쏘쎄,밤이면 밤마다,♪밤이면 밤마다(인순이)
WSG워너비,7,쏘쎄,보고싶었어,♪보고싶었어(WSG워너비)
김윤아,7,쏘쎄,봄날은 간다,♪봄날은 간다(김윤아)
나훈아,7,쏘쎄,사내,♪사내(나훈아)
"양파, 다비치, HANNA",7,쏘쎄,사랑은 다 그런거래요,"♪사랑은 다 그런거래요(양파, 다비치, HANNA)"
나몰라패밀리,7,쏘쎄,사랑해요,♪사랑해요(나몰라패밀리)
윤도현(YB),7,쏘쎄,사랑했나봐,♪사랑했나봐(윤도현(YB))
멜로망스,7,쏘쎄,선물,♪선물(멜로망스)
아이오아이,7,쏘,소나기,♪소나기(아이오아이)
DK(디셈버),7,쏘쎄,심(心),♪심(心)(DK(디셈버))
마야,7,쏘쎄,아 대한민국,♪아 대한민국(마야)
김연자,7,쏘쎄,아모르 파티,♪아모르 파티(김연자)
정준일,7,쏘쎄,안아줘,♪안아줘(정준일)
터보,7,쏘쎄,어느 째즈바...,♪어느 째즈바...(터보)
제이,7,쏘쎄,어제처럼,♪어제처럼(제이)
이무진,7,쏘,에피소드,♪에피소드(이무진)
이선희,7,쏘쎄,여우비,♪여우비(이선희)
볼빨간사춘기,7,쏘쎄,여행,♪여행(볼빨간사춘기)
싸이,7,쏘쎄,연예인,♪연예인(싸이)
장윤정,7,쏘쎄,옆집누나,♪옆집누나(장윤정)
홍진영,7,쏘쎄,오늘 밤에,♪오늘 밤에(홍진영)
코요태,7,쏘쎄,우리의 꿈,♪우리의 꿈(코요태)
"씨야, 다비치, 티아라",7,쏘쎄,원더우먼,"♪원더우먼(씨야, 다비치, 티아라)"
K2 김성면,7,쏘,유리의 성,♪유리의 성(K2 김성면)
아이비,7,쏘쎄,유혹의 소나타,♪유혹의 소나타(아이비)
아이유,7,쏘쎄,이름에게,♪이름에게(아이유)
015B,7,쏘쎄,잠시 길을 잃다(Feat. 신보경),♪잠시 길을 잃다(Feat. 신보경)(015B)
"민서, 윤종신",7,쏘쎄,좋아,"♪좋아(민서, 윤종신)"
잔나비,7,쏘쎄,주저하는 연인들을 위해,♪주저하는 연인들을 위해(잔나비)
안예은,7,쏘쎄,창귀,♪창귀(안예은)
이창섭,7,쏘쎄,천상연,♪천상연(이창섭)
노을,7,쏘쎄,청혼,♪청혼(노을)
다이나믹 듀오,7,쏘쎄,출첵(Feat. 나얼 For Brown Eyed Soul),♪출첵(Feat. 나얼 For Brown Eyed Soul)(다이나믹 듀오)
지아,7,쏘쎄,터질 것 같아,♪터질 것 같아(지아)
샤크라,7,쏘쎄,한,♪한(샤크라)
장범준,7,쏘쎄,흔들리는 꽃들 속에서 네 샴푸향이 느껴진거야,♪흔들리는 꽃들 속에서 네 샴푸향이 느껴진거야(장범준)
이루,7,쏘쎄,흰눈,♪흰눈(이루)
룰라,6,쏘쎄,3!4!,♪3!4!(룰라)
임한별,6,쏘쎄,9월 24일,♪9월 24일(임한별)
박효신,6,쏘쎄,Beautiful Tomorrow,♪Beautiful Tomorrow(박효신)
MC 스나이퍼,6,쏘,BK Love,♪BK Love(MC 스나이퍼)
Queen,6,쏘쎄,Bohemian Rhapsody,♪Bohemian Rhapsody(Queen)
"MC몽, 서인영",6,쏘쎄,Bubble Love,"♪Bubble Love(MC몽, 서인영)"
아이유,6,쏘쎄,Celebrity,♪Celebrity(아이유)
Sweetbox,6,쏘쎄,Don't Push Me,♪Don't Push Me(Sweetbox)
IVE(아이브),6,쏘쎄,ELEVEN,♪ELEVEN(IVE(아이브))
웬디,6,쏘쎄,Goodbye,♪Goodbye(웬디)
BLACKPINK(블랙핑크),6,쏘쎄,How You Like That,♪How You Like That(BLACKPINK(블랙핑크))
James Brown,6,쏘쎄,I Feel Good(I Got You),♪I Feel Good(I Got You)(James Brown)
"Lady Gaga, Bradley Cooper",6,쏘쎄,I'll Never Love Again,"♪I'll Never Love Again(Lady Gaga, Bradley Cooper)"
하현우,6,쏘쎄,"Lazenca, Save Us","♪Lazenca, Save Us(하현우)"
씨스타,6,쏘쎄,Loving U,♪Loving U(씨스타)
임정희,6,쏘쎄,Music Is My Life,♪Music Is My Life(임정희)
이승철,6,쏘쎄,My Love,♪My Love(이승철)
티아라,6,쏘쎄,Roly-Poly,♪Roly-Poly(티아라)
씨스타,6,쏘쎄,So Cool,♪So Cool(씨스타)
(여자)아이들,6,쏘쎄,TOMBOY,♪TOMBOY((여자)아이들)
윤미래,6,쏘쎄,Touch Love,♪Touch Love(윤미래)
아이유,6,쏘쎄,가을 아침,♪가을 아침(아이유)
서영은,6,쏘쎄,가을이 오면,♪가을이 오면(서영은)
테이,6,쏘쎄,같은 베개...,♪같은 베개...(테이)
마지,6,쏘쎄,거짓말이라도 해줘,♪거짓말이라도 해줘(마지)
휘성,6,쏘쎄,결혼까지 생각했어,♪결혼까지 생각했어(휘성)
신지,6,쏘,그 날 이후,♪그 날 이후(신지)
가비엔제이,6,쏘쎄,그녀가 울고있네요,♪그녀가 울고있네요(가비엔제이)
한동근,6,쏘쎄,그대라는 사치,♪그대라는 사치(한동근)
태연,6,쏘쎄,그리고 하나,♪그리고 하나(태연)
케이윌,6,쏘쎄,그립고 그립고 그립다,♪그립고 그립고 그립다(케이윌)
김윤아,6,쏘쎄,길,♪길(김윤아)
윤도현(YB),6,쏘쎄,나는 나비,♪나는 나비(윤도현(YB))
임창정,6,쏘,나란놈이란,♪나란놈이란(임창정)
마마무,6,쏘쎄,나로 말할 것 같으면,♪나로 말할 것 같으면(마마무)
허각,6,쏘쎄,나를 잊지 말아요,♪나를 잊지 말아요(허각)
곽동현,6,쏘쎄,나만의 그대 모습,♪나만의 그대 모습(곽동현)
테이크,6,쏘,나비무덤,♪나비무덤(테이크)
"김희철, 민경훈",6,쏘쎄,나비잠,"♪나비잠(김희철, 민경훈)"
버즈,6,쏘쎄,남자를 몰라,♪남자를 몰라(버즈)
백지영,6,쏘쎄,내 귀에 캔디(Feat. 택연 Of 2PM),♪내 귀에 캔디(Feat. 택연 Of 2PM)(백지영)
서지원,6,쏘쎄,내 눈물 모아,♪내 눈물 모아(서지원)
이승기,6,쏘쎄,내 여자라니까,♪내 여자라니까(이승기)
QWER,6,쏘,내 이름 맑음,♪내 이름 맑음(QWER)
아이유,6,쏘쎄,너랑 나,♪너랑 나(아이유)
아이유,6,쏘,너의 의미(Feat. 김창완),♪너의 의미(Feat. 김창완)(아이유)
바이브,6,쏘쎄,다시 와주라,♪다시 와주라(바이브)
Various Artists,6,쏘,당신은 사랑받기 위해 태어난 사람,♪당신은 사랑받기 위해 태어난 사람(Various Artists)
다비치,6,쏘쎄,두 번 헤어지는 일,♪두 번 헤어지는 일(다비치)
손승연,6,쏘쎄,못 찾겠다 꾀꼬리,♪못 찾겠다 꾀꼬리(손승연)
이기찬,6,쏘쎄,미인,♪미인(이기찬)
박명수,6,쏘쎄,바보에게... 바보가,♪바보에게... 바보가(박명수)
MC 스나이퍼,6,쏘,봄이여 오라(Feat. 유리),♪봄이여 오라(Feat. 유리)(MC 스나이퍼)
서영은,6,쏘쎄,비오는 거리,♪비오는 거리(서영은)
심은경,6,쏘쎄,빗물,♪빗물(심은경)
김범수,6,쏘쎄,사랑해요,♪사랑해요(김범수)
김현식,6,쏘쎄,사랑했어요,♪사랑했어요(김현식)
바이브,6,쏘쎄,사진을 보다가,♪사진을 보다가(바이브)
지코(ZICO),6,쏘쎄,새삥(Prod. ZICO)(Feat. 호미들),♪새삥(Prod. ZICO)(Feat. 호미들)(지코(ZICO))
김광석,6,쏘쎄,서른 즈음에,♪서른 즈음에(김광석)
임창정,6,쏘쎄,소확행,♪소확행(임창정)
코요태,6,쏘쎄,순정,♪순정(코요태)
김범수,6,쏘쎄,슬픔활용법,♪슬픔활용법(김범수)
백지영,6,쏘쎄,시간이 지나면,♪시간이 지나면(백지영)
임정희,6,쏘쎄,시계태엽,♪시계태엽(임정희)
에이트,6,쏘쎄,심장이 없어,♪심장이 없어(에이트)
라붐,6,쏘쎄,아로아로,♪아로아로(라붐)
김건모,6,쏘쎄,아름다운 이별,♪아름다운 이별(김건모)
조성모,6,쏘쎄,아시나요,♪아시나요(조성모)
허각,6,쏘쎄,언제나,♪언제나(허각)
혜은이,6,쏘쎄,열정,♪열정(혜은이)
베이비복스,6,쏘쎄,우연,♪우연(베이비복스)
한동근,6,쏘쎄,이 소설의 끝을 다시 써보려 해,♪이 소설의 끝을 다시 써보려 해(한동근)
딘딘,6,쏘쎄,이러면 안 될 거 아는데 너 앞에만 서면 나락(Feat. 10CM),♪이러면 안 될 거 아는데 너 앞에만 서면 나락(Feat. 10CM)(딘딘)
김연우,6,쏘쎄,이별택시,♪이별택시(김연우)
박미경,6,쏘쎄,이브의 경고,♪이브의 경고(박미경)
박미경,6,쏘쎄,이유같지 않은 이유,♪이유같지 않은 이유(박미경)
이승철,6,쏘쎄,인연,♪인연(이승철)
아이유,6,쏘쎄,있잖아,♪있잖아(아이유)
최유리,6,쏘쎄,"잘 지내자, 우리","♪잘 지내자, 우리(최유리)"
에일리,6,쏘쎄,잠시 안녕처럼,♪잠시 안녕처럼(에일리)
블랙펄,6,쏘쎄,좋은걸 어떡해,♪좋은걸 어떡해(블랙펄)
김범수,6,쏘쎄,지나간다,♪지나간다(김범수)
정경화,6,쏘쎄,지상에서 영원으로,♪지상에서 영원으로(정경화)
이찬원,6,쏘쎄,진또배기,♪진또배기(이찬원)
하이디,6,쏘쎄,진이,♪진이(하이디)
주현미,6,쏘쎄,짝사랑,♪짝사랑(주현미)
"桃籽, 何文宇",6,쏘쎄,就当风没吹过(바람이 불지 않은 것처럼),"♪就当风没吹过(바람이 불지 않은 것처럼)(桃籽, 何文宇)"
양파,6,쏘쎄,친구야,♪친구야(양파)
V.O.S,6,쏘쎄,큰일이다,♪큰일이다(V.O.S)
거미,6,쏘쎄,통증,♪통증(거미)
동방신기,6,쏘쎄,풍선,♪풍선(동방신기)
김범수,6,쏘쎄,하루,♪하루(김범수)
윤하,6,쏘쎄,혜성,♪혜성(윤하)
로이킴,6,쏘쎄,휘파람,♪휘파람(로이킴)
이하이,5,쏘쎄,"1,2,3,4","♪1,2,3,4(이하이)"
"Mena Massoud, Naomi Scott",5,쏘,A Whole New World,"♪A Whole New World(Mena Massoud, Naomi Scott)"
리쌍,5,쏘쎄,Ballerino,♪Ballerino(리쌍)
유성은,5,쏘쎄,Be OK(Feat. 배치기),♪Be OK(Feat. 배치기)(유성은)
백지영,5,쏘쎄,Because Of You,♪Because Of You(백지영)
Charlie Puth,5,쏘쎄,Dangerously,♪Dangerously(Charlie Puth)
에픽하이,5,쏘쎄,Fly,♪Fly(에픽하이)
MC 스나이퍼,5,쏘,For You,♪For You(MC 스나이퍼)
BLACKPINK(블랙핑크),5,쏘쎄,Forever Young,♪Forever Young(BLACKPINK(블랙핑크))
코요태,5,쏘쎄,GO,♪GO(코요태)
임정희,5,쏘쎄,Golden Lady(Feat. 현아 Of 4Minute),♪Golden Lady(Feat. 현아 Of 4Minute)(임정희)
이수영,5,쏘,Grace,♪Grace(이수영)
Whitney Houston,5,쏘쎄,I Have Nothing,♪I Have Nothing(Whitney Houston)
포지션,5,쏘쎄,I Love You,♪I Love You(포지션)
별,5,쏘쎄,I Think I,♪I Think I(별)
박기영,5,쏘쎄,Lonely Night,♪Lonely Night(박기영)
2NE1,5,쏘쎄,Lonely,♪Lonely(2NE1)
이지혜,5,쏘,Love Me Love Me,♪Love Me Love Me(이지혜)
Beyonce,5,쏘쎄,Love On Top,♪Love On Top(Beyonce)
티아라,5,쏘쎄,Lovey-Dovey,♪Lovey-Dovey(티아라)
Duffy,5,쏘쎄,Mercy,♪Mercy(Duffy)
버즈,5,쏘쎄,Monologue,♪Monologue(버즈)
싸이,5,쏘쎄,New Face,♪New Face(싸이)
이용신,5,쏘,New Future,♪New Future(이용신)
"하울, 제이",5,쏘쎄,Perhaps Love(사랑인가요),"♪Perhaps Love(사랑인가요)(하울, 제이)"
BLACKPINK(블랙핑크),5,쏘쎄,Pink Venom,♪Pink Venom(BLACKPINK(블랙핑크))
Ariana Grande,5,쏘쎄,Problem(Feat. Iggy Azalea),♪Problem(Feat. Iggy Azalea)(Ariana Grande)
카라,5,쏘쎄,STEP,♪STEP(카라)
Supreme Team,5,쏘쎄,Supermagic,♪Supermagic(Supreme Team)
"브라운아이드걸스, 씨야",5,쏘쎄,The Day,"♪The Day(브라운아이드걸스, 씨야)"
박은빈,5,쏘쎄,Until The End,♪Until The End(박은빈)
숀,5,쏘쎄,Way Back Home,♪Way Back Home(숀)
브라운아이즈,5,쏘쎄,With Coffee,♪With Coffee(브라운아이즈)
배치기,5,쏘쎄,가인(Feat. Nemo Of 미스에스),♪가인(Feat. Nemo Of 미스에스)(배치기)
BIGBANG(빅뱅),5,쏘쎄,거짓말,♪거짓말(BIGBANG(빅뱅))
H1-KEY(하이키),5,쏘쎄,건물 사이에 피어난 장미,♪건물 사이에 피어난 장미(H1-KEY(하이키))
SG 워너비,5,쏘쎄,광(狂),♪광(狂)(SG 워너비)
양지은,5,쏘쎄,그 강을 건너지마오,♪그 강을 건너지마오(양지은)
장덕철,5,쏘쎄,그날처럼,♪그날처럼(장덕철)
서영은,5,쏘,그대를 만나는 곳 100M전,♪그대를 만나는 곳 100M전(서영은)
오윤혜,5,쏘쎄,그래도 좋은 너,♪그래도 좋은 너(오윤혜)
아이유,5,쏘쎄,금요일에 만나요(Feat. 장이정 Of HISTORY),♪금요일에 만나요(Feat. 장이정 Of HISTORY)(아이유)
김세환,5,쏘쎄,길가에 앉아서,♪길가에 앉아서(김세환)
더 자두,5,쏘쎄,김밥,♪김밥(더 자두)
남규리,5,쏘쎄,깊은 밤을 날아서,♪깊은 밤을 날아서(남규리)
오렌지 캬라멜,5,쏘쎄,까탈레나,♪까탈레나(오렌지 캬라멜)
HYNN(박혜원),5,쏘쎄,끝나지 않은 이야기,♪끝나지 않은 이야기(HYNN(박혜원))
나윤권,5,쏘쎄,나였으면,♪나였으면(나윤권)
경서,5,쏘,나의 X에게,♪나의 X에게(경서)
체리 필터,5,쏘,내 안의 폐허에 닿아,♪내 안의 폐허에 닿아(체리 필터)
임재범,5,쏘쎄,너를 위해,♪너를 위해(임재범)
MC몽,5,쏘쎄,너에게 쓰는 편지(Feat. 린),♪너에게 쓰는 편지(Feat. 린)(MC몽)
마마무,5,쏘쎄,넌 is 뭔들,♪넌 is 뭔들(마마무)
존박,5,쏘,네 생각,♪네 생각(존박)
박원,5,쏘쎄,노력,♪노력(박원)
태양,5,쏘쎄,"눈, 코, 입","♪눈, 코, 입(태양)"
엠씨더맥스,5,쏘쎄,눈물,♪눈물(엠씨더맥스)
엠씨더맥스,5,쏘쎄,눈물겨운 고백,♪눈물겨운 고백(엠씨더맥스)
케이윌,5,쏘쎄,눈물이 뚝뚝,♪눈물이 뚝뚝(케이윌)
에일리,5,쏘쎄,눈물이 맘을 훔쳐서,♪눈물이 맘을 훔쳐서(에일리)
디셈버,5,쏘쎄,눈부신 눈물,♪눈부신 눈물(디셈버)
오현란,5,쏘쎄,다시,♪다시(오현란)
울랄라세션,5,쏘쎄,달의 몰락,♪달의 몰락(울랄라세션)
김재환,5,쏘쎄,달팽이,♪달팽이(김재환)
박진영,5,쏘쎄,대낮에 한 이별(Feat. 선예 (Wonder Girls)),♪대낮에 한 이별(Feat. 선예 (Wonder Girls))(박진영)
이승기,5,쏘쎄,되돌리다,♪되돌리다(이승기)
태연,5,쏘쎄,들리나요,♪들리나요(태연)
카라,5,쏘쎄,루팡,♪루팡(카라)
영탁,5,쏘쎄,막걸리 한잔,♪막걸리 한잔(영탁)
차태현,5,쏘쎄,모르나요,♪모르나요(차태현)
바이브,5,쏘쎄,미친거니,♪미친거니(바이브)
MSG 워너비,5,쏘쎄,바라만 본다,♪바라만 본다(MSG 워너비)
버블 시스터즈,5,쏘쎄,바보처럼,♪바보처럼(버블 시스터즈)
이정현,5,쏘쎄,반,♪반(이정현)
혜령,5,쏘쎄,반지하나,♪반지하나(혜령)
노을,5,쏘쎄,반창꼬,♪반창꼬(노을)
비비,5,쏘쎄,밤양갱,♪밤양갱(비비)
"태연, The One(더원)",5,쏘쎄,별처럼,"♪별처럼(태연, The One(더원))"
강수지,5,쏘쎄,보랏빛 향기,♪보랏빛 향기(강수지)
박정현,5,쏘쎄,비오는 날의 수채화,♪비오는 날의 수채화(박정현)
최재훈,5,쏘쎄,비의 랩소디,♪비의 랩소디(최재훈)
김현식,5,쏘쎄,비처럼 음악처럼,♪비처럼 음악처럼(김현식)
이문세,5,쏘쎄,빗속에서,♪빗속에서(이문세)
윤도현(YB),5,쏘쎄,사랑 Two,♪사랑 Two(윤도현(YB))
바비 킴,5,쏘쎄,사랑..그 놈,♪사랑..그 놈(바비 킴)
"박지윤, 윤승욱",5,쏘,사랑은 열린 문,"♪사랑은 열린 문(박지윤, 윤승욱)"
김범수,5,쏘쎄,사랑의 시작은 고백에서부터,♪사랑의 시작은 고백에서부터(김범수)
서인영,5,쏘쎄,사랑이라 쓰고 아픔이라 부른다,♪사랑이라 쓰고 아픔이라 부른다(서인영)
부활,5,쏘쎄,사랑할수록,♪사랑할수록(부활)
피아노맨,5,쏘쎄,사랑해줘요,♪사랑해줘요(피아노맨)
노라조,5,쏘,사이다,♪사이다(노라조)
포맨,5,쏘쎄,살다가 한번쯤,♪살다가 한번쯤(포맨)
변진섭,5,쏘쎄,새들처럼,♪새들처럼(변진섭)
신성우,5,쏘쎄,서시,♪서시(신성우)
김건모,5,쏘쎄,서울의 달,♪서울의 달(김건모)
윤토벤,5,쏘쎄,서툰 이별을 하려해(Feat.전상근),♪서툰 이별을 하려해(Feat.전상근)(윤토벤)
지아,5,쏘쎄,수호천사,♪수호천사(지아)
지아,5,쏘쎄,시간아 부탁할게(Feat. 씨야 연지),♪시간아 부탁할게(Feat. 씨야 연지)(지아)
서인영,5,쏘쎄,신데렐라,♪신데렐라(서인영)
폴킴,5,쏘쎄,안녕,♪안녕(폴킴)
Various Artists,5,쏘쎄,애국가,♪애국가(Various Artists)
쿨,5,쏘쎄,애상,♪애상(쿨)
버블 시스터즈,5,쏘쎄,애원,♪애원(버블 시스터즈)
김나영,5,쏘쎄,어떻게 사랑이 그래요,♪어떻게 사랑이 그래요(김나영)
왁스,5,쏘쎄,엄마의 일기,♪엄마의 일기(왁스)
마이티 마우스,5,쏘쎄,에너지(Feat. 선예),♪에너지(Feat. 선예)(마이티 마우스)
듀스,5,쏘쎄,여름안에서,♪여름안에서(듀스)
김연지,5,쏘쎄,여자나이 서른쯤,♪여자나이 서른쯤(김연지)
"2BIC(투빅), 다비치",5,쏘쎄,오늘같은 밤이면,"♪오늘같은 밤이면(2BIC(투빅), 다비치)"
여자친구,5,쏘쎄,오늘부터 우리는,♪오늘부터 우리는(여자친구)
2BIC(투빅),5,쏘쎄,요즘 바쁜가봐,♪요즘 바쁜가봐(2BIC(투빅))
"로꼬, 유주",5,쏘쎄,우연히 봄,"♪우연히 봄(로꼬, 유주)"
볼빨간사춘기,5,쏘쎄,우주를 줄게,♪우주를 줄게(볼빨간사춘기)
지아,5,쏘쎄,울어본 적 있나요,♪울어본 적 있나요(지아)
이진호,5,쏘쎄,유기농 이지농(Feat. 유성은),♪유기농 이지농(Feat. 유성은)(이진호)
2am,5,쏘쎄,이 노래,♪이 노래(2am)
케이윌,5,쏘쎄,이러지마 제발,♪이러지마 제발(케이윌)
제시,5,쏘쎄,인생은 즐거워,♪인생은 즐거워(제시)
아이유,5,쏘쎄,자장가,♪자장가(아이유)
V.O.S,5,쏘쎄,잘 지내고 있는지 궁금해,♪잘 지내고 있는지 궁금해(V.O.S)
SG 워너비,5,쏘쎄,죄와 벌,♪죄와 벌(SG 워너비)
"거미, 에일리",5,쏘쎄,질투나,"♪질투나(거미, 에일리)"
이자연,5,쏘쎄,찰랑찰랑,♪찰랑찰랑(이자연)
황인욱,5,쏘쎄,취하고 싶다(Prod. By 전태익),♪취하고 싶다(Prod. By 전태익)(황인욱)
박효신,5,쏘쎄,친구라는 건(With. 김범수),♪친구라는 건(With. 김범수)(박효신)
김진호,5,쏘쎄,폭죽과 별,♪폭죽과 별(김진호)
김범수,5,쏘쎄,피우든 마시든,♪피우든 마시든(김범수)
종현,5,쏘쎄,하루의 끝,♪하루의 끝(종현)
박군,5,쏘쎄,한잔해,♪한잔해(박군)
박보람,5,쏘쎄,혜화동,♪혜화동(박보람)
유주,5,쏘쎄,호랑수월가(2021),♪호랑수월가(2021)(유주)
제이세라,5,쏘쎄,혼자 왔어요,♪혼자 왔어요(제이세라)
이찬원,4,쏘쎄,18세 순이,♪18세 순이(이찬원)
IVE(아이브),4,쏘쎄,After LIKE,♪After LIKE(IVE(아이브))
미쓰에이,4,쏘쎄,Bad Girl Good Girl,♪Bad Girl Good Girl(미쓰에이)
아이유,4,쏘쎄,Blueming,♪Blueming(아이유)
2NE1,4,쏘쎄,Can't Nobody,♪Can't Nobody(2NE1)
Tones And I,4,쏘쎄,Dance Monkey,♪Dance Monkey(Tones And I)
BIGBANG(빅뱅),4,쏘쎄,Fantastic Baby,♪Fantastic Baby(BIGBANG(빅뱅))
2NE1,4,쏘쎄,Go Away,♪Go Away(2NE1)
윤미래,4,쏘쎄,"Good Bye Sadness, Hello Happiness","♪Good Bye Sadness, Hello Happiness(윤미래)"
Beyonce,4,쏘쎄,Halo,♪Halo(Beyonce)
Adele,4,쏘,Hello,♪Hello(Adele)
체리 필터,4,쏘쎄,I Stay Here..,♪I Stay Here..(체리 필터)
태연,4,쏘쎄,I,♪I(Feat. 버벌진트)(태연)
휘성,4,쏘쎄,Insomnia,♪Insomnia(휘성)
BLACKPINK(블랙핑크),4,쏘쎄,Kill This Love,♪Kill This Love(BLACKPINK(블랙핑크))
소녀시대,4,쏘쎄,Kissing You,♪Kissing You(소녀시대)
Idina Menzel,4,쏘쎄,Let It Go,♪Let It Go(Idina Menzel)
권진아,4,쏘쎄,Lonely Night,♪Lonely Night(권진아)
BLACKPINK(블랙핑크),4,쏘쎄,Lovesick Girls,♪Lovesick Girls(BLACKPINK(블랙핑크))
플라이 투 더 스카이,4,쏘쎄,Missing You,♪Missing You(플라이 투 더 스카이)
Westlife,4,쏘,My Love,♪My Love(Westlife)
이용신,4,쏘,Myself,♪Myself(이용신)
"정선아, 김승우, 김소향, 류승주",4,쏘쎄,One Night Only(Disco Ver.),"♪One Night Only(Disco Ver.)(정선아, 김승우, 김소향, 류승주)"
마마무,4,쏘쎄,Piano Man,♪Piano Man(마마무)
"신지민, 아이언",4,쏘쎄,Puss(Prod.by 라이머),"♪Puss(Prod.by 라이머)(신지민, 아이언)"
청하,4,쏘쎄,Roller Coaster,♪Roller Coaster(청하)
Adele,4,쏘쎄,Rolling In The Deep,♪Rolling In The Deep(Adele)
DJ DOC,4,쏘쎄,Run To You,♪Run To You(DJ DOC)
씨스타,4,쏘쎄,Shake It,♪Shake It(씨스타)
장나라,4,쏘쎄,Sweet Dream,♪Sweet Dream(장나라)
원더걸스,4,쏘쎄,Tell me,♪Tell me(원더걸스)
휘성,4,쏘쎄,With Me,♪With Me(휘성)
휘성,4,쏘쎄,가슴 시린 이야기(Feat. 용준형 Of Beast),♪가슴 시린 이야기(Feat. 용준형 Of Beast)(휘성)
케이시,4,쏘,가을밤 떠난 너,♪가을밤 떠난 너(케이시)
이기찬,4,쏘쎄,감기,♪감기(이기찬)
싸이,4,쏘쎄,강남스타일,♪강남스타일(싸이)
이승기,4,쏘쎄,결혼해줄래,♪결혼해줄래(이승기)
바비 킴,4,쏘쎄,고래의 꿈(Feat. 김영근),♪고래의 꿈(Feat. 김영근)(바비 킴)
포맨,4,쏘쎄,고백,♪고백(포맨)
지아,4,쏘쎄,그대가 올까요,♪그대가 올까요(지아)
이석훈,4,쏘쎄,그대를 사랑하는 10가지 이유,♪그대를 사랑하는 10가지 이유(이석훈)
김동률,4,쏘쎄,기억의 습작,♪기억의 습작(김동률)
이문세,4,쏘쎄,깊은 밤을 날아서,♪깊은 밤을 날아서(이문세)
DJ DOC,4,쏘쎄,나 이런사람이야,♪나 이런사람이야(DJ DOC)
장나라,4,쏘쎄,나도 여자랍니다,♪나도 여자랍니다(장나라)
싸이,4,쏘쎄,나팔바지,♪나팔바지(싸이)
오승근,4,쏘쎄,내 나이가 어때서,♪내 나이가 어때서(오승근)
윤하,4,쏘쎄,내 남자친구를 부탁해,♪내 남자친구를 부탁해(윤하)
2NE1,4,쏘쎄,내가 제일 잘 나가,♪내가 제일 잘 나가(2NE1)
김정은,4,쏘쎄,내게 남은 사랑을 드릴께요,♪내게 남은 사랑을 드릴께요(김정은)
로이킴,4,쏘,내게 사랑이 뭐냐고 물어본다면,♪내게 사랑이 뭐냐고 물어본다면(로이킴)
지아,4,쏘쎄,내마음별과같이(Feat. KCM),♪내마음별과같이(Feat. KCM)(지아)
샵,4,쏘쎄,내입술...따뜻한 커피처럼,♪내입술...따뜻한 커피처럼(샵)
티아라,4,쏘쎄,너 때문에 미쳐,♪너 때문에 미쳐(티아라)
마마무,4,쏘쎄,너나 해,♪너나 해(마마무)
폴킴,4,쏘,너를 만나,♪너를 만나(폴킴)
S.E.S.,4,쏘쎄,너를 사랑해,♪너를 사랑해(S.E.S.)
드렁큰 타이거,4,쏘,너희가 힙합을 아느냐?,♪너희가 힙합을 아느냐?(드렁큰 타이거)
효린,4,쏘쎄,널 사랑하겠어,♪널 사랑하겠어(효린)
뽀롱뽀롱 뽀로로 OST,4,쏘쎄,노는게 제일 좋아,♪노는게 제일 좋아(뽀롱뽀롱 뽀로로 OST)
나비,4,쏘쎄,눈물도 아까워(Feat. 현아 Of 4Minute),♪눈물도 아까워(Feat. 현아 Of 4Minute)(나비)
보아,4,쏘,늘,♪늘(보아)
쥬얼리,4,쏘쎄,니가 참 좋아,♪니가 참 좋아(쥬얼리)
백지영,4,쏘쎄,"다시는 사랑하지 않고, 이별에 아파하기 싫어","♪다시는 사랑하지 않고, 이별에 아파하기 싫어(백지영)"
S.E.S.,4,쏘쎄,달리기,♪달리기(S.E.S.)
도시아이들,4,쏘쎄,달빛 창가에서,♪달빛 창가에서(도시아이들)
김현아,4,쏘,달빛의 전설(달의 요정 세일러문 OST),♪달빛의 전설(달의 요정 세일러문 OST)(김현아)
데이브레이크,4,쏘쎄,들었다 놨다,♪들었다 놨다(데이브레이크)
왁스,4,쏘,떨어진다 눈물이,♪떨어진다 눈물이(왁스)
Red Velvet(레드벨벳),4,쏘쎄,러시안 룰렛,♪러시안 룰렛(Red Velvet(레드벨벳))
처진 달팽이,4,쏘쎄,말하는 대로,♪말하는 대로(처진 달팽이)
황치열,4,쏘쎄,매일 듣는 노래,♪매일 듣는 노래(황치열)
왁스,4,쏘쎄,머니,♪머니(왁스)
안예은,4,쏘쎄,문어의 꿈,♪문어의 꿈(안예은)
박정현,4,쏘쎄,미아,♪미아(박정현)
손담비,4,쏘쎄,미쳤어(Feat. 에릭),♪미쳤어(Feat. 에릭)(손담비)
높은음자리,4,쏘쎄,바다에 누워,♪바다에 누워(높은음자리)
김광석,4,쏘쎄,바람이 불어오는 곳,♪바람이 불어오는 곳(김광석)
아이비,4,쏘쎄,바본가봐,♪바본가봐(아이비)
다비치,4,쏘쎄,받는 사랑이 주는 사랑에게,♪받는 사랑이 주는 사랑에게(다비치)
오렌지 캬라멜,4,쏘쎄,방콕시티,♪방콕시티(오렌지 캬라멜)
마마무,4,쏘쎄,별이 빛나는 밤,♪별이 빛나는 밤(마마무)
바이브,4,쏘쎄,별이 빛나는 밤에,♪별이 빛나는 밤에(바이브)
진시몬,4,쏘쎄,보약 같은 친구,♪보약 같은 친구(진시몬)
아이,4,쏘,봄날,♪봄날(아이)
로이킴,4,쏘쎄,봄봄봄,♪봄봄봄(로이킴)
지아,4,쏘쎄,부디,♪부디(지아)
폴킴,4,쏘쎄,비,♪비(폴킴)
코요태,4,쏘쎄,비몽,♪비몽(코요태)
코요태,4,쏘쎄,비상,♪비상(코요태)
G-DRAGON(지드래곤),4,쏘쎄,삐딱하게,♪삐딱하게(G-DRAGON(지드래곤))
장윤정,4,쏘쎄,사랑 참,♪사랑 참(장윤정)
엠씨더맥스,4,쏘쎄,사랑은 아프려고 하는 거죠,♪사랑은 아프려고 하는 거죠(엠씨더맥스)
엠씨더맥스,4,쏘쎄,사랑의 시,♪사랑의 시(엠씨더맥스)
이승기,4,쏘쎄,사랑이 술을 가르쳐(Feat. 백찬 From 8eight),♪사랑이 술을 가르쳐(Feat. 백찬 From 8eight)(이승기)
유리상자,4,쏘쎄,사랑해도 될까요,♪사랑해도 될까요(유리상자)
허각,4,쏘쎄,사월의 눈,♪사월의 눈(허각)
이미자,4,쏘쎄,섬마을 선생님,♪섬마을 선생님(이미자)
이문세,4,쏘쎄,소녀,♪소녀(이문세)
풍뎅이,4,쏘쎄,솜사탕,♪솜사탕(풍뎅이)
김연자,4,쏘쎄,수은등,♪수은등(김연자)
여자친구,4,쏘쎄,시간을 달려서,♪시간을 달려서(여자친구)
윤미래,4,쏘쎄,시간이 흐른뒤,♪시간이 흐른뒤(윤미래)
Various Artists,4,쏘쎄,아기공룡 둘리,♪아기공룡 둘리(Various Artists)
보아,4,쏘쎄,아틀란티스 소녀,♪아틀란티스 소녀(보아)
박혜경,4,쏘쎄,안녕,♪안녕(박혜경)
렉시,4,쏘쎄,애송이,♪애송이(렉시)
씨야,4,쏘쎄,어떻게 널 잊겠니,♪어떻게 널 잊겠니(씨야)
송골매,4,쏘쎄,어쩌다 마주친 그대,♪어쩌다 마주친 그대(송골매)
브라운아이드걸스,4,쏘쎄,어쩌다,♪어쩌다(브라운아이드걸스)
"아이유, 김연아",4,쏘쎄,얼음꽃(Feat. 김세황),"♪얼음꽃(Feat. 김세황)(아이유, 김연아)"
홍진영,4,쏘쎄,엄지 척,♪엄지 척(홍진영)
조용필,4,쏘쎄,여행을 떠나요,♪여행을 떠나요(조용필)
AKMU(악뮤),4,쏘쎄,오랜 날 오랜 밤,♪오랜 날 오랜 밤(AKMU(악뮤))
윤하,4,쏘,오르트구름,♪오르트구름(윤하)
이정현,4,쏘쎄,와,♪와(이정현)
거북이,4,쏘쎄,왜 이래,♪왜 이래(거북이)
아웃사이더,4,쏘쎄,외톨이,♪외톨이(아웃사이더)
"다비치, 티아라",4,쏘쎄,우리 사랑했잖아,"♪우리 사랑했잖아(다비치, 티아라)"
Why,4,쏘쎄,운명,♪운명(Why)
미스에스,4,쏘쎄,이 나이 먹고 뭐했길래(Feat. 정슬기),♪이 나이 먹고 뭐했길래(Feat. 정슬기)(미스에스)
임한별,4,쏘쎄,이별하러 가는 길,♪이별하러 가는 길(임한별)
조용필,4,쏘쎄,이젠 그랬으면 좋겠네,♪이젠 그랬으면 좋겠네(조용필)
미도와 파라솔,4,쏘쎄,이젠 잊기로 해요,♪이젠 잊기로 해요(미도와 파라솔)
차태현,4,쏘,이차선 다리,♪이차선 다리(차태현)
장윤정,4,쏘쎄,장윤정 트위스트,♪장윤정 트위스트(장윤정)
신예영,4,쏘쎄,전화 한 번 못하니,♪전화 한 번 못하니(신예영)
어쿠스틱 콜라보,4,쏘쎄,제발,♪제발(어쿠스틱 콜라보)
태연,4,쏘쎄,제주도의 푸른 밤,♪제주도의 푸른 밤(태연)
유다은,4,쏘쎄,지상에서 영원으로,♪지상에서 영원으로(유다은)
장윤정,4,쏘쎄,짠짜라,♪짠짜라(장윤정)
솔리드,4,쏘쎄,천생연분,♪천생연분(솔리드)
아이유,4,쏘쎄,첫 이별 그날 밤,♪첫 이별 그날 밤(아이유)
손담비,4,쏘쎄,토요일밤에,♪토요일밤에(손담비)
부석순,4,쏘쎄,파이팅 해야지(Feat. 이영지),♪파이팅 해야지(Feat. 이영지)(부석순)
간미연,4,쏘쎄,파파라치,♪파파라치(간미연)
10CM,4,쏘쎄,폰서트,♪폰서트(10CM)
이적,4,쏘쎄,하늘을 달리다,♪하늘을 달리다(이적)
노을,4,쏘쎄,하지 못한 말,♪하지 못한 말(노을)
#안녕,4,쏘,한 걸음씩 멀어지는 너에게,♪한 걸음씩 멀어지는 너에게(#안녕)
"레이나, San E",4,쏘쎄,한여름밤의 꿀,"♪한여름밤의 꿀(레이나, San E)"
박상민,4,쏘쎄,해바라기,♪해바라기(박상민)
엠씨더맥스,4,쏘쎄,해바라기도 가끔 목이 아프죠,♪해바라기도 가끔 목이 아프죠(엠씨더맥스)
신예영,4,쏘쎄,헤어지기 싫어,♪헤어지기 싫어(신예영)
김연지,4,쏘쎄,헤어지는 중입니다,♪헤어지는 중입니다(김연지)
리쌍,4,쏘쎄,"헤어지지 못하는 여자, 떠나가지 못하는 남자(Feat. 정인)","♪헤어지지 못하는 여자, 떠나가지 못하는 남자(Feat. 정인)(리쌍)"
탑현,4,쏘쎄,호랑수월가,♪호랑수월가(탑현)
거미,4,쏘쎄,혼자,♪혼자(거미)
허각,4,쏘쎄,"혼자, 한잔","♪혼자, 한잔(허각)"
양혜승,4,쏘쎄,화려한 싱글,♪화려한 싱글(양혜승)
러브홀릭,4,쏘쎄,화분,♪화분(러브홀릭)
AKMU(악뮤),4,쏘쎄,후라이의 꿈,♪후라이의 꿈(AKMU(악뮤))
BLACKPINK(블랙핑크),4,쏘쎄,휘파람,♪휘파람(BLACKPINK(블랙핑크))
먼데이 키즈,4,쏘쎄,흩어져,♪흩어져(먼데이 키즈)
임창정,4,쏘쎄,힘든 건 사랑이 아니다,♪힘든 건 사랑이 아니다(임창정)
윤종신,3,쏘쎄,1월부터 6월까지,♪1월부터 6월까지(윤종신)
러블리즈,3,쏘쎄,Ah-Choo,♪Ah-Choo(러블리즈)
Lady Gaga,3,쏘,Always Remember Us This Way,♪Always Remember Us This Way(Lady Gaga)
지나,3,쏘쎄,Black & White,♪Black & White(지나)
조용필,3,쏘쎄,Bounce,♪Bounce(조용필)
봄여름가을겨울,3,쏘,"Bravo, My Life!","♪Bravo, My Life!(봄여름가을겨울)"
버블 시스터즈,3,쏘쎄,Bubble Song,♪Bubble Song(버블 시스터즈)
"장숙희, 정여진",3,쏘,Catch You Catch Me(카드캡터체리 OST),"♪Catch You Catch Me(카드캡터체리 OST)(장숙희, 정여진)"
현아,3,쏘쎄,Change(Feat. 용준형 From Beast),♪Change(Feat. 용준형 From Beast)(현아)
ABBA,3,쏘쎄,Dancing Queen,♪Dancing Queen(ABBA)
애프터스쿨,3,쏘쎄,Diva,♪Diva(애프터스쿨)
환불원정대,3,쏘쎄,Don't Touch Me,♪Don't Touch Me(환불원정대)
플라워,3,쏘쎄,Endless,♪Endless(플라워)
엄정화,3,쏘쎄,Festival,♪Festival(엄정화)
Miley Cyrus,3,쏘쎄,Flowers,♪Flowers(Miley Cyrus)
소녀시대,3,쏘쎄,FOREVER 1,♪FOREVER 1(소녀시대)
박효신,3,쏘쎄,Gift,♪Gift(박효신)
자우림,3,쏘쎄,Hey Hey Hey,♪Hey Hey Hey(자우림)
비,3,쏘쎄,Hip Song,♪Hip Song(비)
안신애,3,쏘,Hold Me Now,♪Hold Me Now(안신애)
f(x),3,쏘쎄,Hot Summer,♪Hot Summer(f(x))
신승훈,3,쏘쎄,I Believe,♪I Believe(신승훈)
소녀시대,3,쏘쎄,I Got A Boy,♪I Got A Boy(소녀시대)
소유,3,쏘쎄,I Miss You,♪I Miss You(소유)
Stevie Wonder,3,쏘,Isn't She Lovely,♪Isn't She Lovely(Stevie Wonder)
이선희,3,쏘쎄,J에게,♪J에게(이선희)
The Beatles,3,쏘쎄,Let It Be,♪Let It Be(The Beatles)
"BIGBANG(빅뱅), 2NE1",3,쏘쎄,Lollipop,"♪Lollipop(BIGBANG(빅뱅), 2NE1)"
울랄라세션,3,쏘쎄,Love Fiction,♪Love Fiction(울랄라세션)
동방신기,3,쏘쎄,Love In The Ice,♪Love In The Ice(동방신기)
7공주,3,쏘쎄,Love Song,♪Love Song(7공주)
씨스타19,3,쏘쎄,Ma Boy,♪Ma Boy(씨스타19)
"SG 워너비, 브라운아이드걸스",3,쏘쎄,Must Have Love,"♪Must Have Love(SG 워너비, 브라운아이드걸스)"
Sarah Brightman,3,쏘쎄,Nella Fantasia,♪Nella Fantasia(Sarah Brightman)
원더걸스,3,쏘쎄,Nobody,♪Nobody(원더걸스)
정엽,3,쏘쎄,Nothing Better,♪Nothing Better(정엽)
f(x),3,쏘쎄,NU 예삐오,♪NU 예삐오(f(x))
쥬얼리,3,쏘쎄,One More Time,♪One More Time(쥬얼리)
씨야,3,쏘쎄,Promise U,♪Promise U(씨야)
비,3,쏘쎄,Rainism,♪Rainism(비)
Christina Aguilera,3,쏘,Reflection,♪Reflection(Christina Aguilera)
SHINee(샤이니),3,쏘쎄,Sherlock.셜록,♪Sherlock.셜록(SHINee(샤이니))
BLACKPINK(블랙핑크),3,쏘쎄,Shut Down,♪Shut Down(BLACKPINK(블랙핑크))
원더걸스,3,쏘쎄,So Hot,♪So Hot(원더걸스)
아이유,3,쏘,Someday,♪Someday(아이유)
BLACKPINK(블랙핑크),3,쏘쎄,STAY,♪STAY(BLACKPINK(블랙핑크))
아이유,3,쏘쎄,strawberry moon,♪strawberry moon(아이유)
쥬얼리,3,쏘쎄,Super Star,♪Super Star(쥬얼리)
장리인,3,쏘쎄,Timeless(Feat. 시아준수),♪Timeless(Feat. 시아준수)(장리인)
씨스타,3,쏘쎄,Touch My Body,♪Touch My Body(씨스타)
2NE1,3,쏘쎄,UGLY,♪UGLY(2NE1)
이효리,3,쏘쎄,U-Go-Girl(With 낯선),♪U-Go-Girl(With 낯선)(이효리)
보아,3,쏘쎄,Valenti,♪Valenti(보아)
태연,3,쏘쎄,Weekend,♪Weekend(태연)
박진영,3,쏘쎄,When We Disco(Duet with 선미),♪When We Disco(Duet with 선미)(박진영)
프리스타일,3,쏘쎄,Y,♪Y(프리스타일)
Westlife,3,쏘쎄,You Raise Me Up,♪You Raise Me Up(Westlife)
이문세,3,쏘쎄,가로수 그늘 아래 서면,♪가로수 그늘 아래 서면(이문세)
씨야,3,쏘쎄,가슴이 뭉클,♪가슴이 뭉클(씨야)
브라운 아이즈,3,쏘쎄,가지마 가지마,♪가지마 가지마(브라운 아이즈)
신형원,3,쏘쎄,개똥벌레,♪개똥벌레(신형원)
H-KEY(하이키),3,쏘쎄,건물 사이에 피어난 장미,♪건물 사이에 피어난 장미(H-KEY(하이키))
마마무,3,쏘쎄,고고베베,♪고고베베(마마무)
노라조,3,쏘쎄,고등어,♪고등어(노라조)
규현,3,쏘쎄,광화문에서,♪광화문에서(규현)
성시경,3,쏘쎄,"그 자리에, 그 시간에","♪그 자리에, 그 시간에(성시경)"
엠씨더맥스,3,쏘쎄,"그대, 바람이 되어","♪그대, 바람이 되어(엠씨더맥스)"
손승연,3,쏘쎄,그대라서,♪그대라서(손승연)
"이소라, 김현철",3,쏘쎄,그대안의 블루,"♪그대안의 블루(이소라, 김현철)"
2NE1,3,쏘쎄,그리워해요,♪그리워해요(2NE1)
지아,3,쏘쎄,그립습니다,♪그립습니다(지아)
백지영,3,쏘쎄,그여자,♪그여자(백지영)
god,3,쏘쎄,길,♪길(god)
지수,3,쏘,꽃,♪꽃(지수)
씨스타,3,쏘쎄,나 혼자,♪나 혼자(씨스타)
바닷길,3,쏘쎄,나만 부를 수 있는 노래,♪나만 부를 수 있는 노래(바닷길)
마이티 마우스,3,쏘쎄,나쁜놈(Feat. 소야),♪나쁜놈(Feat. 소야)(마이티 마우스)
이용신,3,쏘,나의 마음을 담아('달빛천사' 여는노래),♪나의 마음을 담아('달빛천사' 여는노래)(이용신)
씨스타,3,쏘쎄,나혼자,♪나혼자(씨스타)
싸이,3,쏘쎄,낙원(Feat. 이재훈),♪낙원(Feat. 이재훈)(싸이)
진주,3,쏘쎄,난 괜찮아,♪난 괜찮아(진주)
옥주현,3,쏘쎄,난,♪난(옥주현)
임창정,3,쏘쎄,날 닮은 너,♪날 닮은 너(임창정)
박선주,3,쏘쎄,남과 여(Feat. 김범수),♪남과 여(Feat. 김범수)(박선주)
럼블피쉬,3,쏘쎄,내 사랑 내 곁에,♪내 사랑 내 곁에(럼블피쉬)
이승철,3,쏘쎄,내가 많이 사랑해요,♪내가 많이 사랑해요(이승철)
김현식,3,쏘쎄,내사랑 내곁에,♪내사랑 내곁에(김현식)
포맨,3,쏘쎄,너 하나야,♪너 하나야(포맨)
휘인,3,쏘,"너, 너","♪너, 너(휘인)"
윤도현(YB),3,쏘쎄,너를 보내고,♪너를 보내고(윤도현(YB))
"정우, 유연석, 손호준",3,쏘쎄,너만을 느끼며,"♪너만을 느끼며(정우, 유연석, 손호준)"
화이트,3,쏘쎄,네모의 꿈,♪네모의 꿈(화이트)
한명숙,3,쏘쎄,노란 샤쓰의 사나이,♪노란 샤쓰의 사나이(한명숙)
한영애,3,쏘쎄,누구없소,♪누구없소(한영애)
박정현,3,쏘쎄,눈물이 주룩주룩,♪눈물이 주룩주룩(박정현)
싹쓰리,3,쏘쎄,다시 여기 바닷가,♪다시 여기 바닷가(싹쓰리)
조성모,3,쏘쎄,다짐,♪다짐(조성모)
김부자,3,쏘쎄,달타령,♪달타령(김부자)
전인권,3,쏘쎄,"돌고, 돌고, 돌고","♪돌고, 돌고, 돌고(전인권)"
하현우,3,쏘쎄,돌덩이,♪돌덩이(하현우)
태진아,3,쏘쎄,동반자,♪동반자(태진아)
이미자,3,쏘,동백 아가씨,♪동백 아가씨(이미자)
김현정,3,쏘,되돌아온 이별,♪되돌아온 이별(김현정)
개코,3,쏘,될 대로 되라고 해(느낌 So Good),♪될 대로 되라고 해(느낌 So Good)(개코)
채연,3,쏘쎄,둘이서,♪둘이서(채연)
40,3,쏘쎄,듣는편지,♪듣는편지(40)
지아,3,쏘,들리나요,♪들리나요(지아)
다비치,3,쏘쎄,또 운다 또,♪또 운다 또(다비치)
2BIC(투빅),3,쏘쎄,또 한 여잘 울렸어,♪또 한 여잘 울렸어(2BIC(투빅))
싸이,3,쏘쎄,뜨거운 안녕(Feat. 성시경),♪뜨거운 안녕(Feat. 성시경)(싸이)
"거미, 바비 킴",3,쏘쎄,러브 레시피,"♪러브 레시피(거미, 바비 킴)"
"옥주현, 임혜영",3,쏘쎄,레베카 ACT 2,"♪레베카 ACT 2(옥주현, 임혜영)"
화사,3,쏘쎄,마리아,♪마리아(화사)
더 클래식,3,쏘쎄,마법의 성,♪마법의 성(더 클래식)
아이유,3,쏘쎄,마쉬멜로우,♪마쉬멜로우(아이유)
나비,3,쏘쎄,마음이 다쳐서(feat. Crown J),♪마음이 다쳐서(feat. Crown J)(나비)
배치기,3,쏘,마이동풍,♪마이동풍(배치기)
"지누션, 엄정화",3,쏘쎄,말해줘,"♪말해줘(지누션, 엄정화)"
김광석,3,쏘쎄,먼지가 되어,♪먼지가 되어(김광석)
조용필,3,쏘쎄,모나리자,♪모나리자(조용필)
아이유,3,쏘쎄,무릎,♪무릎(아이유)
백지영,3,쏘쎄,무시로,♪무시로(백지영)
이안,3,쏘쎄,물고기자리,♪물고기자리(이안)
신승훈,3,쏘쎄,미소 속에 비친 그대,♪미소 속에 비친 그대(신승훈)
카라,3,쏘쎄,미스터,♪미스터(카라)
거미,3,쏘쎄,미안해요(Feat. T.O.P),♪미안해요(Feat. T.O.P)(거미)
씨야,3,쏘쎄,미쳤나봐,♪미쳤나봐(씨야)
규현,3,쏘,밀리언조각,♪밀리언조각(규현)
지아,3,쏘쎄,바보에게 바보가,♪바보에게 바보가(지아)
펀치,3,쏘,밤이 되니까,♪밤이 되니까(펀치)
Homme,3,쏘쎄,밥만 잘 먹더라,♪밥만 잘 먹더라(Homme)
애프터스쿨,3,쏘쎄,뱅(Bang) !,♪뱅(Bang) !(애프터스쿨)
버스커버스커,3,쏘쎄,벚꽃 엔딩,♪벚꽃 엔딩(버스커버스커)
선미,3,쏘쎄,보라빛 밤,♪보라빛 밤(선미)
선미,3,쏘쎄,보름달(Feat. Lena) ,♪보름달(Feat. Lena)(선미)
아이유,3,쏘쎄,복숭아,♪복숭아(아이유)
방탄소년단,3,쏘쎄,봄날,♪봄날(방탄소년단)
문성재,3,쏘쎄,부산 갈매기,♪부산 갈매기(문성재)
송윤아,3,쏘쎄,분홍립스틱,♪분홍립스틱(송윤아)
BLACKPINK(블랙핑크),3,쏘쎄,붐바야,♪붐바야(BLACKPINK(블랙핑크))
버즈,3,쏘,비망록,♪비망록(버즈)
김건모,3,쏘쎄,빗속의 여인,♪빗속의 여인(김건모)
"김범수, 박정현",3,쏘쎄,"사람, 사랑","♪사람, 사랑(김범수, 박정현)"
백지영,3,쏘쎄,사랑 하나면 돼,♪사랑 하나면 돼(백지영)
김종국,3,쏘쎄,사랑스러워,♪사랑스러워(김종국)
린,3,쏘쎄,사랑에 아파본 적 있나요,♪사랑에 아파본 적 있나요(린)
히키,3,쏘쎄,사랑에 연습이 있었다면(답가),♪사랑에 연습이 있었다면(답가)(히키)
XIA,3,쏘쎄,사랑은 눈꽃처럼,♪사랑은 눈꽃처럼(XIA)
휘성,3,쏘,사랑은 맛있다♡,♪사랑은 맛있다♡(휘성)
이영현,3,쏘쎄,사랑은 언제나 목마르다,♪사랑은 언제나 목마르다(이영현)
iKON,3,쏘쎄,사랑을 했다,♪사랑을 했다(iKON)
더 넛츠,3,쏘쎄,사랑의 바보,♪사랑의 바보(더 넛츠)
LPG,3,쏘쎄,사랑의 초인종,♪사랑의 초인종(LPG)
씨야,3,쏘쎄,사랑하기 때문에(Feat. SG 워너비),♪사랑하기 때문에(Feat. SG 워너비)(씨야)
김연우,3,쏘쎄,사랑한다는 흔한 말,♪사랑한다는 흔한 말(김연우)
팀,3,쏘쎄,사랑합니다...,♪사랑합니다...(팀)
핑크퐁,3,쏘쎄,상어 가족,♪상어 가족(핑크퐁)
싸이,3,쏘쎄,새,♪새(싸이)
순순희,3,쏘쎄,서면역에서,♪서면역에서(순순희)
MC몽,3,쏘쎄,"서커스(Feat. 임유경, ＄howgun)","♪서커스(Feat. 임유경, ＄howgun)(MC몽)"
Various Artists,3,쏘쎄,섬집아기,♪섬집아기(Various Artists)
박지윤,3,쏘쎄,성인식,♪성인식(박지윤)
엠투엠,3,쏘쎄,세글자,♪세글자(엠투엠)
지영선,3,쏘쎄,소원,♪소원(지영선)
노라조,3,쏘쎄,슈퍼맨,♪슈퍼맨(노라조)
쿨,3,쏘쎄,슬퍼지려 하기 전에,♪슬퍼지려 하기 전에(쿨)
김범수,3,쏘,슬픔보다 더 슬픈 이야기,♪슬픔보다 더 슬픈 이야기(김범수)
"소유, 정기고",3,쏘쎄,썸(Feat. 릴보이 Of 긱스),"♪썸(Feat. 릴보이 Of 긱스)(소유, 정기고)"
SUPER JUNIOR,3,쏘쎄,쏘리 쏘리,♪쏘리 쏘리(SUPER JUNIOR)
거미,3,쏘,아니,♪아니(거미)
오렌지 캬라멜,3,쏘쎄,아잉♡,♪아잉♡(오렌지 캬라멜)
양파,3,쏘,아파 아이야,♪아파 아이야(양파)
2NE1,3,쏘쎄,아파,♪아파(2NE1)
이선희,3,쏘쎄,알고 싶어요,♪알고 싶어요(이선희)
"울랄라세션, 아이유",3,쏘쎄,애타는 마음,"♪애타는 마음(울랄라세션, 아이유)"
김지애,3,쏘쎄,얄미운 사람,♪얄미운 사람(김지애)
김나영,3,쏘,어땠을까,♪어땠을까(김나영)
노을,3,쏘쎄,어떤가요,♪어떤가요(노을)
김종국,3,쏘쎄,어제보다 오늘 더,♪어제보다 오늘 더(김종국)
윙크,3,쏘쎄,얼쑤,♪얼쑤(윙크)
지아,3,쏘쎄,엄마 미안해요,♪엄마 미안해요(지아)
버스커 버스커,3,쏘쎄,여수 밤바다,♪여수 밤바다(버스커 버스커)
백지영,3,쏘쎄,여전히 뜨겁게,♪여전히 뜨겁게(백지영)
제이,3,쏘쎄,열흘만,♪열흘만(제이)
럼블피쉬,3,쏘,예감 좋은 날,♪예감 좋은 날(럼블피쉬)
DAY6(데이식스),3,쏘쎄,예뻤어,♪예뻤어(DAY6(데이식스))
이문세,3,쏘쎄,옛사랑,♪옛사랑(이문세)
백지영,3,쏘쎄,오늘도 사랑해,♪오늘도 사랑해(백지영)
케이윌,3,쏘쎄,오늘부터 1일,♪오늘부터 1일(케이윌)
장윤정,3,쏘쎄,올래,♪올래(장윤정)
우연이,3,쏘쎄,우연히,♪우연히(우연이)
임재범,3,쏘쎄,위로,♪위로(임재범)
마마무,3,쏘쎄,음오아예,♪음오아예(마마무)
일기예보,3,쏘쎄,인형의 꿈,♪인형의 꿈(일기예보)
김광석,3,쏘쎄,일어나,♪일어나(김광석)
씨스타19,3,쏘쎄,있다 없으니까,♪있다 없으니까(씨스타19)
이승철,3,쏘쎄,잊었니,♪잊었니(이승철)
박주희,3,쏘쎄,자기야,♪자기야(박주희)
프라이머리,3,쏘쎄,자니(Feat. Dynamic Duo),♪자니(Feat. Dynamic Duo)(프라이머리)
나비,3,쏘쎄,잘 된 일이야,♪잘 된 일이야(나비)
서인영,3,쏘쎄,잘가요 로맨스,♪잘가요 로맨스(서인영)
MC몽,3,쏘쎄,죽도록 사랑해(Feat. 박정현),♪죽도록 사랑해(Feat. 박정현)(MC몽)
영탁,3,쏘쎄,찐이야,♪찐이야(영탁)
성시경,3,쏘,차마…,♪차마...(성시경)
박경림,3,쏘쎄,착각의 늪,♪착각의 늪(박경림)
f(x),3,쏘쎄,첫 사랑니,♪첫 사랑니(f(x))
젝스키스,3,쏘쎄,커플,♪커플(젝스키스)
아이유,3,쏘쎄,팔레트(Feat. G-DRAGON),♪팔레트(Feat. G-DRAGON)(아이유)
김광진,3,쏘쎄,편지,♪편지(김광진)
박정현,3,쏘쎄,편지할께요,♪편지할께요(박정현)
f(x),3,쏘쎄,피노키오,♪피노키오(f(x))
김태우,3,쏘쎄,하고 싶은 말,♪하고 싶은 말(김태우)
휘성,3,쏘,하늘을 걸어서,♪하늘을 걸어서(휘성)
에일리,3,쏘쎄,하루하루,♪하루하루(에일리)
허각,3,쏘쎄,한사람,♪한사람(허각)
FTISLAND,3,쏘쎄,한사람만,♪한사람만(FTISLAND)
SG 워너비,3,쏘,해바라기,♪해바라기(SG 워너비)
INO(정인호),3,쏘쎄,해요,♪해요(INO(정인호))
정인호,3,쏘쎄,해요,♪해요(정인호)
나훈아,3,쏘,홍시,♪홍시(나훈아)
소녀시대,3,쏘쎄,훗,♪훗(소녀시대)
이효리,2,쏘쎄,10 Minutes,♪10 Minutes(이효리)
2PM,2,쏘쎄,10점 만점에 10점,♪10점 만점에 10점(2PM)
선미,2,쏘쎄,24시간이 모자라,♪24시간이 모자라(선미)
Sarah Vaughan,2,쏘,A Lover's Concerto,♪A Lover's Concerto(Sarah Vaughan)
얀,2,쏘쎄,After,♪After(얀)
애프터스쿨,2,쏘쎄,AH,♪AH(애프터스쿨)
Justin Bieber,2,쏘쎄,As Long As You Love Me(Feat. Big Sean),♪As Long As You Love Me(Feat. Big Sean)(Justin Bieber)
크러쉬,2,쏘쎄,Beautiful,♪Beautiful(크러쉬)
미녀와 야수 OST,2,쏘쎄,Beauty and the Beast,♪Beauty and the Beast(미녀와 야수 OST)
핑클,2,쏘쎄,Blue Rain,♪Blue Rain(핑클)
현아,2,쏘쎄,Bubble Pop!,♪Bubble Pop!(현아)
박화요비,2,쏘,Bye Bye Bye,♪Bye Bye Bye(박화요비)
TWICE(트와이스),2,쏘쎄,Cheer Up,♪Cheer Up(TWICE(트와이스))
이효리,2,쏘쎄,Chitty Chitty Bang Bang(Feat. Ceejay Of Freshboyz),♪Chitty Chitty Bang Bang(Feat. Ceejay Of Freshboyz)(이효리)
치타,2,쏘,"Coma 07'(Prod.by DJ Juice, D.Theo)","♪Coma 07'(Prod.by DJ Juice, D.Theo)(치타)"
2NE1,2,쏘쎄,Come Back Home,♪Come Back Home(2NE1)
싸이,2,쏘쎄,DADDY(Feat. CL of 2NE1),♪DADDY(Feat. CL of 2NE1)(싸이)
Norah Jones,2,쏘쎄,Don't Know Why,♪Don't Know Why(Norah Jones)
f(x),2,쏘쎄,Electric Shock,♪Electric Shock(f(x))
BewhY,2,쏘,Forever(Prod. By GRAY),♪Forever(Prod. By GRAY)(BewhY)
소녀시대,2,쏘쎄,Gee,♪Gee(소녀시대)
보아,2,쏘쎄,Girls On Top,♪Girls On Top(보아)
씨스타,2,쏘쎄,Give It To Me,♪Give It To Me(씨스타)
제이레빗,2,쏘,Happy Things,♪Happy Things(제이레빗)
G-DRAGON(지드래곤),2,쏘쎄,Heartbreaker,♪Heartbreaker(G-DRAGON)
The Beatles,2,쏘,Hey Jude,♪Hey Jude(The Beatles)
김태우,2,쏘쎄,High High(김태우),♪High High(김태우)
4minute,2,쏘쎄,Hot Issue,♪Hot Issue(4minute)
보아,2,쏘쎄,Hurricane Venus,♪Hurricane Venus(보아)
NewJeans(뉴진스),2,쏘쎄,Hype boy,♪Hype boy(NewJeans(뉴진스))
2NE1,2,쏘쎄,I Don't Care,♪I Don't Care(2NE1)
나비,2,쏘쎄,I Love You,♪I Love You(나비)
싸이,2,쏘쎄,I LUV IT,♪I LUV IT(싸이)
"허각, 지아",2,쏘쎄,I Need You,"♪I Need You(허각, 지아)"
어반자카파,2,쏘쎄,Inevitability,♪Inevitability(어반자카파)
원더걸스,2,쏘쎄,Irony,♪Irony(원더걸스)
Bobby Helms,2,쏘쎄,Jingle Bell Rock,♪Jingle Bell Rock(Bobby Helms)
S.E.S.,2,쏘쎄,Just A Feeling,♪Just A Feeling(S.E.S.)
부활,2,쏘쎄,Lonely Night,♪Lonely Night(부활)
"마크툽, 구윤회",2,쏘쎄,Marry Me,"♪Marry Me(마크툽, 구윤회)"
4minute,2,쏘쎄,Muzik,♪Muzik(4minute)
포맨,2,쏘쎄,My Angel(Feat. 윤후),♪My Angel(Feat. 윤후)(포맨)
다비치,2,쏘쎄,My Man,♪My Man(다비치)
보아,2,쏘쎄,My Name,♪My Name(보아)
Luciano Pavarotti,2,쏘쎄,Nessun Dorma,♪Nessun Dorma(Luciano Pavarotti)
핑클,2,쏘쎄,Now,♪Now(핑클)
소녀시대,2,쏘쎄,Oh!,♪Oh!(소녀시대)
숙희,2,쏘쎄,One Love(Feat. 가희 Of 애프터스쿨),♪One Love(Feat. 가희 Of 애프터스쿨)(숙희)
보아,2,쏘쎄,Only One,♪Only One(보아)
바이브,2,쏘쎄,Promise U,♪Promise U(바이브)
Richard Sanderson,2,쏘쎄,Reality,♪Reality(Richard Sanderson)
버즈,2,쏘쎄,Reds Go Together,♪Reds Go Together(버즈)
SHINee(샤이니),2,쏘쎄,Ring Ding Dong,♪Ring Ding Dong(SHINee(샤이니))
브레이브걸스,2,쏘쎄,Rollin',♪Rollin'(브레이브걸스)
"Lady Gaga, Bradley Cooper",2,쏘쎄,Shallow,"♪Shallow(Lady Gaga, Bradley Cooper)"
박은빈,2,쏘쎄,Someday,♪Someday(박은빈)
HYNN(박혜원),2,쏘쎄,Stand Up For You,♪Stand Up For You(HYNN(박혜원))
"손승연, 유성은, 우혜미, 지세희",2,쏘쎄,Stand Up For You,"♪Stand Up For You(손승연, 유성은, 우혜미, 지세희)"
"김나영, 장원기",2,쏘쎄,Street Life,"♪Street Life(김나영, 장원기)"
김보경,2,쏘,Suddenly,♪Suddenly(김보경)
Jessie J,2,쏘쎄,Thunder,♪Thunder(Jessie J)
조성모,2,쏘쎄,To Heaven,♪To Heaven(조성모)
트러블메이커,2,쏘쎄,Trouble Maker,♪Trouble Maker(트러블메이커)
SS501,2,쏘쎄,U R Man,♪U R Man(SS501)
Bing Crosby,2,쏘쎄,White Christmas,♪White Christmas(Bing Crosby)
상상밴드,2,쏘,가지마 가지마,♪가지마 가지마(상상밴드)
김동률,2,쏘쎄,감사,♪감사(김동률)
거미,2,쏘,개구쟁이(Feat. T.O.P),♪개구쟁이(Feat. T.O.P)(거미)
강산에,2,쏘쎄,거꾸로 강을 거슬러 오르는 저 힘찬 연어들처럼,♪거꾸로 강을 거슬러 오르는 저 힘찬 연어들처럼(강산에)
이적,2,쏘쎄,거짓말 거짓말 거짓말,♪거짓말 거짓말 거짓말(이적)
god,2,쏘쎄,거짓말,♪거짓말(god)
송창식,2,쏘쎄,고래사냥,♪고래사냥(송창식)
Various Artists,2,쏘쎄,고요한 밤 거룩한 밤,♪고요한 밤 거룩한 밤(Various Artists)
임재범,2,쏘쎄,고해,♪고해(임재범)
리쌍,2,쏘쎄,광대,♪광대(리쌍)
이문세,2,쏘쎄,광화문 연가,♪광화문 연가(이문세)
박선주,2,쏘쎄,귀로,♪귀로(박선주)
현빈,2,쏘쎄,그남자,♪그남자(현빈)
은가은,2,쏘,그대 내 친구여,♪그대 내 친구여(은가은)
한예슬,2,쏘쎄,그댄 달라요,♪그댄 달라요(한예슬)
"Supreme Team, 영준",2,쏘쎄,그땐 그땐 그땐,"♪그땐 그땐 그땐(Supreme Team, 영준)"
무한도전,2,쏘,"그래, 우리 함께","♪그래, 우리 함께(무한도전)"
김형중,2,쏘쎄,그랬나봐,♪그랬나봐(김형중)
지아,2,쏘쎄,그런줄 알았어,♪그런줄 알았어(지아)
노을,2,쏘쎄,그리워 그리워,♪그리워 그리워(노을)
비,2,쏘쎄,깡,♪깡(비)
조용필,2,쏘쎄,꿈,♪꿈(조용필)
볼빨간사춘기,2,쏘쎄,나만 안되는 연애,♪나만 안되는 연애(볼빨간사춘기)
이지연,2,쏘쎄,난 사랑을 아직 몰라,♪난 사랑을 아직 몰라(이지연)
룰라,2,쏘쎄,날개 잃은 천사,♪날개 잃은 천사(룰라)
플라이 투 더 스카이,2,쏘쎄,남자답게,♪남자답게(플라이 투 더 스카이)
엠씨더맥스,2,쏘쎄,낮달,♪낮달(엠씨더맥스)
핑클,2,쏘쎄,내 남자 친구에게,♪내 남자 친구에게(핑클)
SS501,2,쏘쎄,내 머리가 나빠서,♪내 머리가 나빠서(SS501)
성시경,2,쏘쎄,내게 오는 길,♪내게 오는 길(성시경)
"윤종신, 성시경",2,쏘쎄,내일 할 일,"♪내일 할 일(윤종신, 성시경)"
길구봉구,2,쏘쎄,너 하나야,♪너 하나야(길구봉구)
다비치,2,쏘쎄,너라서,♪너라서(다비치)
정승환,2,쏘쎄,너였다면,♪너였다면(정승환)
원 모어 찬스,2,쏘쎄,널 생각해,♪널 생각해(원 모어 찬스)
M4,2,쏘쎄,널 위한 멜로디,♪널 위한 멜로디(M4)
이승기,2,쏘쎄,누난 내 여자니까,♪누난 내 여자니까(이승기)
리쌍,2,쏘쎄,눈물(Feat. 유진 Of 더 씨야),♪눈물(Feat. 유진 Of 더 씨야)(리쌍)
임정희,2,쏘쎄,눈물이 안났어,♪눈물이 안났어(임정희)
보아,2,쏘,늘..,♪늘..(보아)
이승기,2,쏘쎄,다 줄꺼야,♪다 줄꺼야(이승기)
미쓰에이,2,쏘쎄,다른 남자 말고 너,♪다른 남자 말고 너(미쓰에이)
빅마마,2,쏘쎄,다이어리,♪다이어리(빅마마)
미연((여자)아이들),2,쏘,달빛에 그려지는,♪달빛에 그려지는(미연((여자)아이들))
지아,2,쏘쎄,더 만나봤자 뭐해,♪더 만나봤자 뭐해(지아)
버스커 버스커,2,쏘,동경소녀,♪동경소녀(버스커 버스커)
다비치,2,쏘쎄,둘이서 한잔해,♪둘이서 한잔해(다비치)
아이유,2,쏘쎄,드라마,♪드라마(아이유)
제이세라,2,쏘,딜레마,♪딜레마(제이세라)
임창정,2,쏘쎄,또 다시 사랑,♪또 다시 사랑(임창정)
이수영,2,쏘,라라라,♪라라라(이수영)
박혜경,2,쏘,레몬트리,♪레몬트리(박혜경)
핑클,2,쏘쎄,루비,♪루비(핑클)
오렌지 캬라멜,2,쏘쎄,마법소녀,♪마법소녀(오렌지 캬라멜)
노사연,2,쏘쎄,만남,♪만남(노사연)
노을,2,쏘쎄,만약에 말야,♪만약에 말야(노을)
크라잉넛,2,쏘쎄,말달리자,♪말달리자(크라잉넛)
황태지,2,쏘쎄,맙소사,♪맙소사(황태지)
지아,2,쏘쎄,몇 월 며칠 몇 시(Feat. 마이티 마우스),♪몇 월 며칠 몇 시(Feat. 마이티 마우스)(지아)
쥬얼리,2,쏘,모를까봐서,♪모를까봐서(쥬얼리)
엄정화,2,쏘쎄,몰라,♪몰라(엄정화)
박상철,2,쏘쎄,무조건,♪무조건(박상철)
임영웅,2,쏘쎄,무지개,♪무지개(임영웅)
태연,2,쏘쎄,미치게 보고싶은,♪미치게 보고싶은(태연)
송지은,2,쏘쎄,미친거니(Feat. 방용국),♪미친거니(Feat. 방용국)(송지은)
이정현,2,쏘쎄,바꿔,♪바꿔(이정현)
박명수,2,쏘쎄,바다의 왕자,♪바다의 왕자(박명수)
조용필,2,쏘쎄,바람의 노래,♪바람의 노래(조용필)
FTISLAND,2,쏘쎄,바래,♪바래(FTISLAND)
걸스데이,2,쏘쎄,반짝반짝,♪반짝반짝(걸스데이)
V.O.S,2,쏘쎄,반쪽,♪반쪽(V.O.S)
심수봉,2,쏘쎄,백만송이 장미,♪백만송이 장미(심수봉)
"HIGH4, 아이유",2,쏘쎄,봄 사랑 벚꽃 말고,"♪봄 사랑 벚꽃 말고(HIGH4, 아이유)"
BIGBANG(빅뱅),2,쏘쎄,봄여름가을겨울,♪봄여름가을겨울(BIGBANG(빅뱅))
멜로망스,2,쏘,부끄럼,♪부끄럼(멜로망스)
정키,2,쏘,부담이 돼(Feat. 휘인 of 마마무),♪부담이 돼(Feat. 휘인 of 마마무)(정키)
f(x),2,쏘쎄,불러본다,♪불러본다(f(x))
마골피,2,쏘,비행소녀,♪비행소녀(마골피)
Red Velvet(레드벨벳),2,쏘쎄,빨간 맛,♪빨간 맛(Red Velvet(레드벨벳))
유정이,2,쏘쎄,사는 게 그런 거죠,♪사는 게 그런 거죠(유정이)
안치환,2,쏘쎄,사람이 꽃보다 아름다워,♪사람이 꽃보다 아름다워(안치환)
바비 킴,2,쏘,사랑 사랑 사랑,♪사랑 사랑 사랑(바비 킴)
임재범,2,쏘쎄,사랑,♪사랑(임재범)
피노키오,2,쏘쎄,사랑과 우정 사이,♪사랑과 우정 사이(피노키오)
심수봉,2,쏘쎄,사랑밖에 난 몰라,♪사랑밖에 난 몰라(심수봉)
엠씨더맥스,2,쏘쎄,사랑을 외치다,♪사랑을 외치다(엠씨더맥스)
설운도,2,쏘쎄,사랑의 트위스트,♪사랑의 트위스트(설운도)
홍진영,2,쏘,사랑이 좋아,♪사랑이 좋아(홍진영)
유재하,2,쏘쎄,사랑하기 때문에,♪사랑하기 때문에(유재하)
박효신,2,쏘쎄,사랑한 후에,♪사랑한 후에(박효신)
김동률,2,쏘쎄,사랑한다 말해도(Feat. 이소라),♪사랑한다 말해도(Feat. 이소라)(김동률)
Nakashima Mika,2,쏘쎄,雪の華(눈의 꽃),♪雪の華(눈의 꽃)(Nakashima Mika)
소녀시대,2,쏘쎄,소녀시대,♪소녀시대(소녀시대)
소녀시대,2,쏘쎄,소원을 말해봐,♪소원을 말해봐(소녀시대)
Koreana,2,쏘쎄,손에 손잡고,♪손에 손잡고(Koreana)
아이유,2,쏘쎄,스물셋,♪스물셋(아이유)
다비치,2,쏘쎄,슬픈 사랑의 노래,♪슬픈 사랑의 노래(다비치)
김정민,2,쏘쎄,슬픈 언약식,♪슬픈 언약식(김정민)
포스트맨,2,쏘쎄,신촌을 못가,♪신촌을 못가(포스트맨)
코요태,2,쏘쎄,실연,♪실연(코요태)
프라이머리,2,쏘쎄,"씨스루(Feat. Zion.T, 개코 Of 다이나믹듀오)","♪씨스루(Feat. Zion.T, 개코 Of 다이나믹듀오)(프라이머리)"
Various Artists,2,쏘쎄,아기공룡 둘리(R&B Ver.),♪아기공룡 둘리(R&B Ver.)(Various Artists)
조정석,2,쏘쎄,아로하,♪아로하(조정석)
양희은,2,쏘쎄,아침 이슬,♪아침 이슬(양희은)
윤수일,2,쏘쎄,아파트,♪아파트(윤수일)
조이,2,쏘쎄,안녕,♪안녕(조이)
진성,2,쏘쎄,안동역에서,♪안동역에서(진성)
"나윤권, 별",2,쏘쎄,안부,"♪안부(나윤권, 별)"
처진 달팽이,2,쏘쎄,압구정 날라리,♪압구정 날라리(처진 달팽이)
Zion.T,2,쏘쎄,양화대교,♪양화대교(Zion.T)
장윤정,2,쏘쎄,어머나,♪어머나(장윤정)
DJ DOC,2,쏘쎄,여름이야기,♪여름이야기(DJ DOC)
"씨야, 다비치, 티아라",2,쏘쎄,영원한 사랑,"♪영원한 사랑(씨야, 다비치, 티아라)"
나미,2,쏘쎄,영원한 친구,♪영원한 친구(나미)
체리 필터,2,쏘쎄,오리날다,♪오리날다(체리 필터)
서영은,2,쏘쎄,완소 그대,♪완소 그대(서영은)
CNBLUE(씨엔블루),2,쏘쎄,외톨이야,♪외톨이야(CNBLUE(씨엔블루))
윤건,2,쏘,우리 둘만 아는,♪우리 둘만 아는(윤건)
김양,2,쏘,우지마라,♪우지마라(김양)
딕펑스,2,쏘쎄,울릉도 트위스트,♪울릉도 트위스트(딕펑스)
볼빨간사춘기,2,쏘쎄,워커홀릭,♪워커홀릭(볼빨간사춘기)
지아,2,쏘쎄,원하고 원해도,♪원하고 원해도(지아)
혁오,2,쏘,위잉위잉,♪위잉위잉(혁오)
린,2,쏘쎄,유리 심장(Feat. 용준형 Of 비스트),♪유리 심장(Feat. 용준형 Of 비스트)(린)
린,2,쏘,유리심장,♪유리심장(린)
럼블피쉬,2,쏘,으라차차,♪으라차차(럼블피쉬)
EXO,2,쏘쎄,으르렁,♪으르렁(EXO)
임재범,2,쏘쎄,이 밤이 지나면,♪이 밤이 지나면(임재범)
길구봉구,2,쏘쎄,이 별,♪이 별(길구봉구)
투투,2,쏘쎄,일과 이분의 일,♪일과 이분의 일(투투)
윤도현(YB),2,쏘,잊을게,♪잊을게(윤도현(YB))
에이트,2,쏘쎄,잘가요 내 사랑,♪잘가요 내 사랑(에이트)
미나,2,쏘쎄,전화받어,♪전화받어(미나)
2am,2,쏘쎄,전활 받지 않는 너에게,♪전활 받지 않는 너에게(2am)
브라운 아이드 소울,2,쏘쎄,정말사랑 했을까,♪정말 사랑했을까(브라운 아이드 소울)
미쓰정,2,쏘쎄,좋습니다,♪좋습니다(미쓰정)
허각,2,쏘쎄,죽고 싶단 말 밖에,♪죽고 싶단 말 밖에(허각)
2am,2,쏘쎄,죽어도 못 보내,♪죽어도 못 보내(2am)
다이나믹 듀오,2,쏘쎄,죽일 놈,♪죽일 놈(다이나믹 듀오)
싸이,2,쏘쎄,챔피언,♪챔피언(싸이)
티아라,2,쏘쎄,처음처럼,♪처음처럼(티아라)
FTISLAND,2,쏘쎄,천둥,♪천둥(FTISLAND)
옥주현,2,쏘쎄,천일동안,♪천일동안(옥주현)
이무진,2,쏘,청혼하지 않을 이유를 못 찾았어,♪청혼하지 않을 이유를 못 찾았어(이무진)
엄정화,2,쏘쎄,초대,♪초대(엄정화)
엠씨더맥스,2,쏘쎄,추억 속의 재회,♪추억 속의 재회(엠씨더맥스)
산들,2,쏘쎄,취기를 빌려,♪취기를 빌려(산들)
채정안,2,쏘쎄,편지,♪편지(채정안)
황인욱,2,쏘,플러팅,♪플러팅(황인욱)
상상밴드,2,쏘,피너츠 송,♪피너츠 송(상상밴드)
아이유,2,쏘쎄,하루 끝,♪하루 끝(아이유)
BIGBANG(빅뱅),2,쏘쎄,하루 하루,♪하루 하루(BIGBANG(빅뱅))
가비엔제이,2,쏘쎄,헤어지래요,♪헤어지래요(가비엔제이)
우디,2,쏘,혹시 세상에 혼자 남겨진 것 같다면,♪혹시 세상에 혼자 남겨진 것 같다면(우디)
디셈버,2,쏘쎄,혼자 왔어요,♪혼자 왔어요(디셈버)
거미,2,쏘쎄,혼자만 하는 사랑,♪혼자만 하는 사랑(거미)
"김연지, 이보람",2,쏘쎄,화장을 하고,"♪화장을 하고(김연지, 이보람)"
정수라,2,쏘쎄,환희,♪환희(정수라)
왁스,2,쏘,황혼의 문턱,♪황혼의 문턱(왁스)
마마무,2,쏘쎄,황홀한 고백,♪황홀한 고백(마마무)
이문세,2,쏘쎄,휘파람,♪휘파람(이문세)
허각,2,쏘,흔한 이별,♪흔한 이별(허각)
육각수,2,쏘쎄,흥보가 기가 막혀,♪흥보가 기가 막혀(육각수)
원더걸스,1,쏘쎄,2 Different Tears,♪2 Different Tears(원더걸스)
AKMU(악뮤),1,쏘쎄,200%,♪2(AKMU(악뮤))
태연,1,쏘쎄,All With You,♪All With You(태연)
"로제, Bruno Mars",1,쏘,APT.,"♪APT.(로제, Bruno Mars)"
Nat King Cole,1,쏘쎄,Autumn Leaves,♪Autumn Leaves(Nat King Cole)
IVE(아이브),1,쏘쎄,Baddie,♪Baddie(IVE(아이브))
"Jessie J, Ariana Grande, Nicki Minaj",1,쏘쎄,Bang Bang,"♪Bang Bang(Jessie J, Ariana Grande, Nicki Minaj)"
"씨야, 다비치, 블랙펄",1,쏘쎄,Blue Moon,"♪Blue Moon(씨야, 다비치, 블랙펄)"
티아라,1,쏘쎄,Bo Peep Bo Peep,♪Bo Peep Bo Peep(티아라)
"Simon, Garfunkel",1,쏘,Bridge Over Troubled Water,"♪Bridge Over Troubled Water(Simon, Garfunkel)"
뉴진스,1,쏘쎄,Cookie,♪Cookie(NewJeans(뉴진스))
허각,1,쏘,Cosmos,♪Cosmos(허각)
티아라,1,쏘쎄,Cry Cry,♪Cry Cry(티아라)
티아라,1,쏘쎄,DAY BY DAY,♪DAY BY DAY(티아라)
Eagles,1,쏘쎄,Desperado,♪Desperado(Eagles)
DJ DOC,1,쏘쎄,DOC와 춤을,♪DOC와 춤을(DJ DOC)
하현우,1,쏘쎄,Don't Cry,♪Don't Cry(하현우)
에스파,1,쏘쎄,Drama,♪Drama(aespa(에스파))
2NE1,1,쏘쎄,Fire,♪Fire(2NE1)
Jessie J,1,쏘,Flashlight,♪Flashlight(Jessie J)
이효리,1,쏘쎄,Get Ya',♪Get Ya'(이효리)
컨츄리 꼬꼬,1,쏘쎄,Gimme! Gimme!,♪Gimme! Gimme!(컨츄리 꼬꼬)
멜로망스,1,쏘,Happy Song,♪Happy Song(멜로망스)
G-DRAGON(지드래곤),1,쏘쎄,Heartbreaker,♪Heartbreaker(G-DRAGON(지드래곤))
"포맨, 미",1,쏘쎄,Here I Am,"♪Here I Am(포맨, 미)"
박진영,1,쏘쎄,Honey,♪Honey(박진영)
태양,1,쏘쎄,I Need A Girl(Feat. G-dragon),♪I Need A Girl(Feat. G-dragon)(태양)
웅산,1,쏘쎄,I Sing The Blues,♪I Sing The Blues(웅산)
Alicia Keys,1,쏘쎄,If I Ain't Got You,♪If I Ain't Got You(Alicia Keys)
나르샤,1,쏘쎄,I'm In Love,♪I'm In Love(나르샤)
"댄싱게놈(유재석, JYP)",1,쏘쎄,I'm So Sexy,"♪I'm So Sexy(댄싱게놈(유재석, JYP))"
IVE(아이브),1,쏘쎄,Kitsch,♪Kitsch(IVE(아이브))
브라운아이드걸스,1,쏘쎄,L.O.V.E,♪L.O.V.E(브라운아이드걸스)
비,1,쏘쎄,La Song,♪La Song(비)
"Christina Aguilera, Lil' Kim, Mya, Pink",1,쏘쎄,Lady Marmalade,"♪Lady Marmalade(Christina Aguilera, Lil' Kim, Mya, Pink)"
원더걸스,1,쏘쎄,Like This,♪Like This(원더걸스)
"Kristen Bell, Santino Fontana",1,쏘쎄,Love Is An Open Door,"♪Love Is An Open Door(Kristen Bell, Santino Fontana)"
SHINee(샤이니),1,쏘쎄,Lucifer,♪Lucifer(SHINee(샤이니))
Ashily,1,쏘,Lucky,♪Lucky(Ashily)
정키,1,쏘,"MAMA(Feat. 구윤회, 한예슬, 신종욱, 김나영)","♪MAMA(Feat. 구윤회, 한예슬, 신종욱, 김나영)(정키)"
베이비복스,1,쏘쎄,Missing You,♪Missing You(베이비복스)
씨스타19,1,쏘쎄,My Boy,♪My Boy(씨스타19)
엠씨더맥스,1,쏘,One Love,♪One Love(엠씨더맥스)
TWICE(트와이스),1,쏘쎄,OOH-AHH하게,♪OOH-AHH하게(TWICE(트와이스))
Red Velvet(레드벨벳),1,쏘쎄,Psycho,♪Psycho(Red Velvet(레드벨벳))
씨스타,1,쏘쎄,Push Push,♪Push Push(씨스타)
아이유,1,쏘쎄,Rain Drop,♪Rain Drop(아이유)
박봄,1,쏘쎄,Remembered,♪Remembered(박봄)
동방신기,1,쏘쎄,Rising Sun,♪Rising Sun(동방신기)
"Charlie Puth, Wiz Khalifa",1,쏘쎄,See You Again,"♪See You Again(Charlie Puth, Wiz Khalifa)"
Elvis Costello,1,쏘쎄,She,♪She(Elvis Costello)
언니쓰,1,쏘쎄,Shut Up(Feat. 유희열),♪Shut Up(Feat. 유희열)(언니쓰)
Karina,1,쏘쎄,Slow Motion,♪Slow Motion(Karina)
MC몽,1,쏘쎄,So Fresh(Feat. 김태우),♪So Fresh(Feat. 김태우)(MC몽)
제니,1,쏘쎄,SOLO,♪SOLO(제니)
에스파,1,쏘쎄,Spicy,♪Spicy(aespa(에스파))
Destiny's Child,1,쏘쎄,Stand Up For Love,♪Stand Up For Love(Destiny's Child)
(여자)아이들,1,쏘쎄,Super Lady,♪Super Lady((여자)아이들)
Rihanna,1,쏘쎄,Take A Bow,♪Take A Bow(Rihanna)
소녀시대,1,쏘쎄,The Boys,♪The Boys(소녀시대)
혁오,1,쏘쎄,TOMBOY,♪TOMBOY(혁오)
Britney Spears,1,쏘쎄,Toxic,♪Toxic(Britney Spears)
"티아라, 초신성",1,쏘쎄,TTL Listen 2,"♪TTL Listen 2(티아라, 초신성)"
소녀시대-태티서,1,쏘쎄,Twinkle,♪Twinkle(소녀시대-태티서)
에일리,1,쏘쎄,U&I,♪U&I(에일리)
DAY6(데이식스),1,쏘,Welcome to the Show,♪Welcome to the Show(DAY6(데이식스))
"Whitney Houston, Mariah Carey",1,쏘쎄,When You Believe,"♪When You Believe(Whitney Houston, Mariah Carey)"
웅산,1,쏘,W-O-M-E-N,♪W-O-M-E-N(웅산)
멜로망스,1,쏘쎄,You,♪You(멜로망스)
YOASOBI,1,쏘,アイドル (애니메이션 '최애의 아이' 1기 오프닝곡),♪アイドル (애니메이션 '최애의 아이' 1기 오프닝곡)(YOASOBI)
김나영,1,쏘쎄,가끔 내가,♪가끔 내가(김나영)
씨야,1,쏘쎄,"가니(Feat. 김용준 Of SG워너비, 황정음, Mario)","♪가니(Feat. 김용준 Of SG워너비, 황정음, Mario)(씨야)"
선미,1,쏘쎄,가시나,♪가시나(선미)
알리,1,쏘,가시연꽃,♪가시연꽃(알리)
김민기,1,쏘,가을편지,♪가을편지(김민기)
QWER,1,쏘,고민중독,♪고민중독(QWER)
신촌 블루스,1,쏘,골목길,♪골목길(신촌 블루스)
"별, 권정열",1,쏘쎄,귀여워,"♪귀여워(별, 권정열)"
이승철,1,쏘,그 사람,♪그 사람(이승철)
G-DRAGON(지드래곤),1,쏘쎄,그XX,♪그XX(G-DRAGON)
들국화,1,쏘쎄,그것만이 내 세상,♪그것만이 내 세상(들국화)
김범수,1,쏘쎄,그대 모습은 장미,♪그대 모습은 장미(김범수)
송하예,1,쏘쎄,그대를 알고,♪그대를 알고(송하예)
어쿠스틱 콜라보,1,쏘쎄,"그대와 나, 설레임","♪그대와 나, 설레임(어쿠스틱 콜라보)"
Various Artists,1,쏘쎄,기쁘다 구주 오셨네,♪기쁘다 구주 오셨네(Various Artists)
나얼,1,쏘쎄,기억의 빈자리,♪기억의 빈자리(나얼)
Various Artists,1,쏘쎄,까치까치 설날은,♪까치까치 설날은(Various Artists)
버스커 버스커,1,쏘쎄,꽃송이가,♪꽃송이가(버스커 버스커)
민니,1,쏘,꿈결같아서,♪꿈결같아서(민니)
다비치,1,쏘쎄,끝사랑,♪끝사랑(다비치)
임정희,1,쏘쎄,나 돌아가,♪나 돌아가(임정희)
이정,1,쏘쎄,나를 슬프게 하는 사람들,♪나를 슬프게 하는 사람들(이정)
볼빨간 사춘기,1,쏘쎄,나만 안 되는 연애,♪나만 안 되는 연애(볼빨간 사춘기)
함부영,1,쏘,나의 노래,♪나의 노래(함부영)
세정,1,쏘,나의 모든 날,♪나의 모든 날(세정)
김범수,1,쏘,나타나,♪나타나(김범수)
문근영,1,쏘쎄,난 사랑을 아직 몰라,♪난 사랑을 아직 몰라(문근영)
FTISLAND,1,쏘쎄,남자의 첫사랑은 무덤까지 간다,♪남자의 첫사랑은 무덤까지 간다(FTISLAND)
거미,1,쏘쎄,낮과 밤,♪낮과 밤(거미)
SG 워너비,1,쏘쎄,내 사랑,♪내 사랑(SG 워너비)
다비치,1,쏘쎄,내 옆에 그대인 걸,♪내 옆에 그대인 걸(다비치)
주호,1,쏘,내가 아니라도,♪내가 아니라도(주호)
지아,1,쏘쎄,내가 이렇지(Feat. 하동균),♪내가 이렇지(Feat. 하동균)(지아)
예성,1,쏘쎄,너 아니면 안돼,♪너 아니면 안돼(예성)
황정민,1,쏘쎄,너는 내 운명 Sun Together(with 전도연),♪너는 내 운명 Sun Together(with 전도연)(황정민)
노을,1,쏘쎄,너는 어땠을까,♪너는 어땠을까(노을)
전유나,1,쏘,너를 사랑하고도,♪너를 사랑하고도(전유나)
윤미래,1,쏘쎄,너를 사랑해,♪너를 사랑해(윤미래)
변진섭,1,쏘쎄,너에게로 또 다시,♪너에게로 또 다시(변진섭)
#안녕,1,쏘쎄,너의 번호를 누르고,♪너의 번호를 누르고(Prod. 영화처럼)(#안녕)
SHINee(샤이니),1,쏘,누난 너무 예뻐,♪누난 너무 예뻐(SHINee(샤이니))
플라워,1,쏘쎄,눈물,♪눈물(플라워)
배치기,1,쏘쎄,눈물샤워(Feat. 에일리),♪눈물샤워(Feat. 에일리)(배치기)
박상민,1,쏘쎄,눈물잔,♪눈물잔(박상민)
설하윤,1,쏘쎄,눌러주세요,♪눌러주세요(설하윤)
김동률,1,쏘쎄,다시 사랑한다 말할까,♪다시 사랑한다 말할까(김동률)
경서예지,1,쏘쎄,다정히 내 이름을 부르면,♪다정히 내 이름을 부르면(경서예지)
이적,1,쏘쎄,다행이다,♪다행이다(이적)
"남진, 장윤정",1,쏘쎄,당신이 좋아,"♪당신이 좋아(남진, 장윤정)"
조용필,1,쏘쎄,돌아와요 부산항에,♪돌아와요 부산항에(조용필)
멜로망스,1,쏘,동화,♪동화(멜로망스)
써니힐,1,쏘쎄,두근두근,♪두근두근(써니힐)
Supreme Team,1,쏘쎄,땡땡땡,♪땡땡땡(Supreme Team)
듀스,1,쏘쎄,떠나버려,♪떠나버려(듀스)
마이티 마우스,1,쏘쎄,랄랄라(Feat. 소야),♪랄랄라(Feat. 소야)(마이티 마우스)
7공주,1,쏘쎄,러브송,♪러브송(7공주)
김완선,1,쏘,리듬 속의 그 춤을,♪리듬 속의 그 춤을(김완선)
임주리,1,쏘쎄,립스틱 짙게 바르고,♪립스틱 짙게 바르고(임주리)
아이유,1,쏘,마음들 드려요,♪마음들 드려요(아이유)
장혜진,1,쏘쎄,마주치지 말자,♪마주치지 말자(장혜진)
빅뱅,1,쏘쎄,마지막 인사,♪마지막 인사(BIGBANG(빅뱅))
Various Artists,1,쏘쎄,멋쟁이 토마토,♪멋쟁이 토마토(Various Artists)
MC몽,1,쏘쎄,"몽이 유랑단(Feat. 노홍철, 데프콘, 하하, 달마시안)","♪몽이 유랑단(Feat. 노홍철, 데프콘, 하하, 달마시안)(MC몽)"
아이유,1,쏘쎄,미리 메리 크리스마스(Feat. 천둥 Of MBLAQ),♪미리 메리 크리스마스(Feat. 천둥 Of MBLAQ)(아이유)
Various Artists,1,쏘쎄,반짝반짝 작은 별(R&B Ver.),♪반짝반짝 작은 별(R&B Ver.)(Various Artists)
박화요비,1,쏘쎄,반쪽,♪반쪽(박화요비)
먼데이 키즈,1,쏘쎄,발걸음,♪발걸음(먼데이 키즈)
BIGBANG(빅뱅),1,쏘쎄,뱅뱅뱅,♪뱅뱅뱅(BIGBANG(빅뱅))
영지,1,쏘,별 거 아니야,♪별 거 아니야(영지)
볼빨간사춘기,1,쏘쎄,별 보러 갈래,♪별 보러 갈래(볼빨간사춘기)
진성,1,쏘,보릿고개,♪보릿고개(진성)
윤종신,1,쏘쎄,본능적으로,♪본능적으로(윤종신)
안예은,1,쏘쎄,봄이 온다면,♪봄이 온다면(안예은)
10CM,1,쏘쎄,봄이 좋냐??,♪봄이 좋냐??(10CM)
BIGBANG(빅뱅),1,쏘쎄,붉은노을,♪붉은노을(BIGBANG(빅뱅))
심수봉,1,쏘쎄,비나리,♪비나리(심수봉)
린,1,쏘,비를 내려줘요,♪비를 내려줘요(린)
모모랜드,1,쏘쎄,뿜뿜,♪뿜뿜(모모랜드)
노래를 찾는 사람들,1,쏘,사계,♪사계(노래를 찾는 사람들)
양희은,1,쏘,사랑 그 쓸쓸함에 대하여,♪사랑 그 쓸쓸함에 대하여(양희은)
린,1,쏘,사랑..다 거짓말,♪사랑..다 거짓말(린)
태진아,1,쏘쎄,사랑은 아무나 하나,♪사랑은 아무나 하나(태진아)
10CM,1,쏘쎄,사랑은 은하수 다방에서,♪사랑은 은하수 다방에서(10CM)
양수경,1,쏘,사랑은 창밖에 빗물 같아요,♪사랑은 창밖에 빗물 같아요(양수경)
박정현,1,쏘쎄,사랑이 올까요,♪사랑이 올까요(박정현)
이진이,1,쏘쎄,사랑하기 참 좋은 날,♪사랑하기 참 좋은 날(이진이)
다비치,1,쏘,사랑해서 그래,♪사랑해서 그래(다비치)
김경호,1,쏘쎄,사랑했지만,♪사랑했지만(김경호)
경서예지,1,쏘쎄,사실 나는,♪사실 나는(경서예지)
케이시,1,쏘,사실말야내가말야그게그러니까말이야,♪사실말야내가말야그게그러니까말이야(케이시)
노을,1,쏘,살기 위해서,♪살기 위해서(노을)
모래,1,쏘쎄,상사,♪상사(모래)
오렌지 캬라멜,1,쏘쎄,샹하이 로맨스,♪샹하이 로맨스(오렌지 캬라멜)
SOLE(쏠),1,쏘쎄,선물,♪선물(SOLE(쏠))
승리,1,쏘,"셋 셀테니(1, 2, 3!)","♪셋 셀테니(1, 2, 3!)(승리)"
오혁,1,쏘쎄,소녀,♪소녀(오혁)
이승철,1,쏘쎄,소녀시대,♪소녀시대(이승철)
이승철,1,쏘쎄,소리쳐,♪소리쳐(이승철)
박지윤,1,쏘쎄,소중한 사랑,♪소중한 사랑(박지윤)
Various Artists,1,쏘쎄,솜사탕,♪솜사탕(Various Artists)
박효신,1,쏘,숨,♪숨(박효신)
나오미,1,쏘쎄,슬픈 인연,♪슬픈 인연(나오미)
씨야,1,쏘쎄,시차,♪시차(씨야)
장기하,1,쏘쎄,싸구려 커피,♪싸구려 커피(장기하)
울랄라세션,1,쏘쎄,아!옛날이여,♪아!옛날이여(울랄라세션)
SG 워너비,1,쏘쎄,아리랑,♪아리랑(SG 워너비)
Various Artists,1,쏘쎄,아리랑,♪아리랑(Various Artists)
홍민정,1,쏘쎄,아마도 그건,♪아마도 그건(홍민정)
싸이,1,쏘쎄,아버지,♪아버지(싸이)
오기택,1,쏘쎄,아빠의 청춘,♪아빠의 청춘(오기택)
MC몽,1,쏘쎄,아이스크림,♪아이스크림(MC몽)
포맨,1,쏘쎄,안녕 나야,♪안녕 나야(포맨)
성시경,1,쏘,안녕 나의 사랑,♪안녕 나의 사랑(성시경)
10CM,1,쏘,애상,♪애상(10CM)
Various Artists,1,쏘,야곱의 축복,♪야곱의 축복(Various Artists)
Sondia,1,쏘,어른,♪어른(Sondia)
god,1,쏘쎄,어머님께,♪어머님께(god)
장윤정,1,쏘쎄,어부바,♪어부바(장윤정)
케이시,1,쏘쎄,언제나 사랑해,♪언제나 사랑해(케이시)
이수영,1,쏘,얼마나 좋을까,♪얼마나 좋을까(이수영)
코요태,1,쏘쎄,열정,♪열정(코요태)
성시경,1,쏘,오 나의 여신님,♪오 나의 여신님(성시경)
윤도현(YB),1,쏘쎄,오 필승 코리아,♪오 필승 코리아(윤도현(YB))
박정현,1,쏘쎄,오래전 그날,♪오래전 그날(박정현)
"Jessica, 티파니, 서현",1,쏘쎄,오빠나빠,"♪오빠나빠(Jessica, 티파니, 서현)"
디바,1,쏘쎄,왜불러,♪왜불러(디바)
"가인, 조권",1,쏘,우리 사랑하게 됐어요,"♪우리 사랑하게 됐어요(가인, 조권)"
Various Artist,1,쏘,우리는 모두 친구(포켓몬스터 OST),♪우리는 모두 친구(포켓몬스터 OST)(Various Artist)
브라운아이드걸스,1,쏘쎄,원더우먼,♪원더우먼(브라운아이드걸스)
EXID,1,쏘쎄,위아래,♪위아래(EXID)
아이유,1,쏘쎄,이 지금,♪이 지금(아이유)
김광석,1,쏘쎄,이등병의 편지,♪이등병의 편지(김광석)
박화요비,1,쏘쎄,이런 밤,♪이런 밤(박화요비)
원더걸스,1,쏘쎄,이바보,♪이바보(원더걸스)
에디킴,1,쏘쎄,이쁘다니까,♪이쁘다니까(에디킴)
015B,1,쏘쎄,이젠 안녕,♪이젠 안녕(015B)
MC 스나이퍼,1,쏘쎄,인생(Feat. 웅산),♪인생(Feat. 웅산)(MC 스나이퍼)
조항조,1,쏘쎄,인생아 고마웠다,♪인생아 고마웠다(조항조)
에일리,1,쏘쎄,인연,♪인연(에일리)
방탄소년단,1,쏘쎄,작은 것들을 위한 시(Boy With Luv)(Feat. Halsey),♪작은 것들을 위한 시(Boy With Luv)(Feat. Halsey)(방탄소년단)
문명진,1,쏘쎄,잠 못 드는 밤에,♪잠 못 드는 밤에(문명진)
유성은,1,쏘쎄,잠시 길을 잃다,♪잠시 길을 잃다(유성은)
신승훈,1,쏘쎄,전설 속의 누군가처럼,♪전설 속의 누군가처럼(신승훈)
씨야,1,쏘,정,♪정(씨야)
혜은이,1,쏘,제3한강교,♪제3한강교(혜은이)
김종국,1,쏘쎄,제자리 걸음,♪제자리 걸음(김종국)
성시경,1,쏘쎄,제주도의 푸른 밤,♪제주도의 푸른 밤(성시경)
천우희,1,쏘,조선의 마음,♪조선의 마음(천우희)
MC몽,1,쏘쎄,죽을 만큼 아파서(Feat. 멜로우),♪죽을 만큼 아파서(Feat. 멜로우)(MC몽)
조장혁,1,쏘,중독된 사랑,♪중독된 사랑(조장혁)
멜로망스,1,쏘,질투가 좋아,♪질투가 좋아(멜로망스)
에스파파(S.Papa.),1,쏘,참다행이야,♪참다행이야(에스파파(S.Papa.))
다비치,1,쏘,천개의 그리움,♪천개의 그리움(다비치)
싸이,1,쏘쎄,청개구리(Feat. G-Dragon(지드래곤)),♪청개구리(Feat. G-Dragon(지드래곤))(싸이)
"김필, 김창완",1,쏘쎄,청춘,"♪청춘(김필, 김창완)"
박효신,1,쏘,추억은 사랑을 닮아,♪추억은 사랑을 닮아(박효신)
안재욱,1,쏘쎄,친구,♪친구(안재욱)
장기하,1,쏘쎄,ㅋ,♪ㅋ(장기하)
H.O.T.,1,쏘,캔디,♪캔디(H.O.T.)
차가을,1,쏘,코 끝이 찡하게,♪코 끝이 찡하게(차가을)
클론,1,쏘쎄,쿵따리 샤바라,♪쿵따리 샤바라(클론)
"성시경, 박효신, 이석훈, 서인국, VIXX",1,쏘쎄,크리스마스니까,"♪크리스마스니까(성시경, 박효신, 이석훈, 서인국, VIXX)"
유엔,1,쏘쎄,파도,♪파도(유엔)
장기하와 얼굴들,1,쏘쎄,풍문으로 들었소,♪풍문으로 들었소(장기하와 얼굴들)
방탄소년단,1,쏘쎄,피 땀 눈물,♪피 땀 눈물(방탄소년단)
Red Velvet(레드벨벳),1,쏘쎄,피카부,♪피카부(Red Velvet(레드벨벳))
김보경,1,쏘쎄,하루 하루,♪하루 하루(김보경)
윤미래,1,쏘쎄,하루하루,♪하루하루(윤미래)
Various Artists,1,쏘쎄,학교종,♪학교종(Various Artists)
형돈이와 대준이,1,쏘,한 번도 안 틀리고 누구도 부르기 어려운 노래,♪한 번도 안 틀리고 누구도 부르기 어려운 노래(형돈이와 대준이)
DAY6(데이식스),1,쏘,한 페이지가 될 수 있게,♪한 페이지가 될 수 있게(DAY6(데이식스))
쿨,1,쏘쎄,해변의 여인,♪해변의 여인(쿨)
아이브,1,쏘쎄,해야,♪해야(IVE(아이브))
나래,1,쏘쎄,호랑풍류가,♪호랑풍류가(나래)
현진영,1,쏘쎄,흐린 기억속의 그대,♪흐린 기억속의 그대(현진영)
채연,1,쏘쎄,흔들려,♪흔들려(채연)
철싸,1,쏘쎄,흔들어 주세요,♪흔들어 주세요(철싸)
성시경,1,쏘,희재,♪희재(성시경)
소녀시대,1,쏘쎄,힘 내!,♪힘 내!(소녀시대)
